Date,Modality,FirstImageTime,ImagesPerSecond
2021-11-24 08:16:41,CR,0.16,26.52
2021-11-24 08:16:46,CR,0.17,26.56
2021-11-24 08:16:51,CR,0.21,21.09
2021-11-24 08:17:38,CT,0.2,912.01
2021-11-24 08:17:41,Failed,Failed,Failed
2021-11-24 08:17:43,CR,0.17,25.18
2021-11-24 08:17:50,CT,0.12,619.34
2021-11-24 08:19:36,Failed,Failed,Failed
2021-11-24 08:19:57,CT,0.17,691.15
2021-11-24 08:20:01,CR,0.32,11.42
2021-11-24 08:20:01,Failed,Failed,Failed
2021-11-24 08:20:05,CR,0.26,15.13
2021-11-24 08:20:06,Failed,Failed,Failed
2021-11-24 08:20:10,CR,0.15,26.54
2021-11-24 08:20:15,CR,0.16,30.6
2021-11-24 08:20:20,CR,0.29,10.56
2021-11-24 08:20:25,CR,0.15,29.72
2021-11-24 08:20:30,CR,0.18,30.64
2021-11-24 08:20:35,MR,0.22,394.93
2021-11-24 08:20:40,CR,0.2,24.82
2021-11-24 08:20:46,US,0.18,250.78
2021-11-24 08:20:52,CT,0.16,479.76
2021-11-24 08:20:55,CR,0.17,21.99
2021-11-24 08:21:00,CR,0.15,27.16
2021-11-24 08:21:05,CR,0.17,18.49
2021-11-24 08:21:10,Failed,Failed,Failed
2021-11-24 08:21:11,MR,0.15,468.89
2021-11-24 08:21:15,MR,0.13,263.93
2021-11-24 08:21:20,CR,0.16,24.2
2021-11-24 08:21:25,CR,0.15,26.71
2021-11-24 08:21:25,CR,0.28,14.48
2021-11-24 08:21:30,CR,0.27,14.04
2021-11-24 08:21:30,MR,0.13,839.6
2021-11-24 08:21:31,Failed,Failed,Failed
2021-11-24 08:21:35,CR,0.15,29.1
2021-11-24 08:21:36,MR,0.2,288.45
2021-11-24 08:21:39,CR,0.15,25.68
2021-11-24 08:21:41,CT,0.32,490.84
2021-11-24 08:21:45,CR,0.15,26.96
2021-11-24 08:21:45,CR,0.17,28.33
2021-11-24 08:21:49,CT,0.12,179.23
2021-11-24 08:21:50,CR,0.26,18.84
2021-11-24 08:21:55,CR,0.15,29.55
2021-11-24 08:21:57,US,0.29,90.95
2021-11-24 08:22:00,Failed,Failed,Failed
2021-11-24 08:22:00,CR,0.28,18.37
2021-11-24 08:22:00,Failed,Failed,Failed
2021-11-24 08:22:04,CR,0.15,29.16
2021-11-24 08:22:06,MR,0.13,549.44
2021-11-24 08:22:11,US,0.17,162.98
2021-11-24 08:22:17,CT,0.12,603.28
2021-11-24 08:22:20,CT,0.16,788.08
2021-11-24 08:22:20,CR,0.15,28.28
2021-11-24 08:22:21,Failed,Failed,Failed
2021-11-24 08:22:25,CR,0.16,24.96
2021-11-24 08:22:26,Failed,Failed,Failed
2021-11-24 08:22:27,CT,0.18,644.25
2021-11-24 08:22:31,CR,0.22,29.2
2021-11-24 08:22:34,CT,0.2,359.41
2021-11-24 08:22:35,CR,0.27,12.37
2021-11-24 08:22:39,Failed,Failed,Failed
2021-11-24 08:22:40,CR,0.28,10.25
2021-11-24 08:22:44,CR,0.16,28.2
2021-11-24 08:22:45,CR,0.15,25.74
2021-11-24 08:22:49,CR,0.17,22.54
2021-11-24 08:22:50,CR,0.16,24.87
2021-11-24 08:22:51,CR,0.27,14.56
2021-11-24 08:22:56,CR,0.28,14.67
2021-11-24 08:22:57,CT,0.33,328.82
2021-11-24 08:22:59,CR,0.17,29.65
2021-11-24 08:23:01,CR,0.16,27.96
2021-11-24 08:23:04,CR,0.27,12.32
2021-11-24 08:23:06,US,0.17,128.54
2021-11-24 08:23:10,CR,0.27,16.88
2021-11-24 08:23:10,CT,0.16,436.59
2021-11-24 08:23:11,US,0.11,74.18
2021-11-24 08:23:14,CR,0.15,26.79
2021-11-24 08:23:16,CR,0.26,15.8
2021-11-24 08:23:19,CR,0.15,29.17
2021-11-24 08:23:21,CR,0.26,12.93
2021-11-24 08:23:24,CR,0.15,30.03
2021-11-24 08:23:25,CR,0.15,29.97
2021-11-24 08:23:28,CR,0.17,27.39
2021-11-24 08:23:31,Failed,Failed,Failed
2021-11-24 08:23:32,US,0.35,164.79
2021-11-24 08:23:35,CR,0.19,28.22
2021-11-24 08:23:41,US,0.15,291.58
2021-11-24 08:23:44,CR,0.15,24.73
2021-11-24 08:23:45,CR,0.15,29.85
2021-11-24 08:23:49,US,0.15,285.72
2021-11-24 08:23:51,CR,0.28,10.64
2021-11-24 08:23:51,Failed,Failed,Failed
2021-11-24 08:23:55,CR,0.26,18.43
2021-11-24 08:23:56,US,0.16,141.33
2021-11-24 08:24:00,CR,0.17,17.59
2021-11-24 08:24:00,CR,0.37,27.48
2021-11-24 08:24:01,US,0.16,176.72
2021-11-24 08:24:01,Failed,Failed,Failed
2021-11-24 08:24:04,Failed,Failed,Failed
2021-11-24 08:24:05,CR,0.29,13.22
2021-11-24 08:24:06,MR,0.28,409.63
2021-11-24 08:24:10,US,0.14,152.0
2021-11-24 08:24:10,CT,0.33,407.19
2021-11-24 08:24:10,CR,0.15,28.66
2021-11-24 08:24:10,CR,0.15,31.01
2021-11-24 08:24:11,Failed,Failed,Failed
2021-11-24 08:24:13,US,0.17,85.31
2021-11-24 08:24:15,CR,0.21,14.69
2021-11-24 08:24:15,MR,0.33,198.52
2021-11-24 08:24:16,CR,0.32,11.78
2021-11-24 08:24:20,CR,0.15,28.86
2021-11-24 08:24:20,CR,0.15,30.16
2021-11-24 08:24:21,Failed,Failed,Failed
2021-11-24 08:24:24,CT,0.19,701.3
2021-11-24 08:24:25,CT,0.13,708.08
2021-11-24 08:24:25,Failed,Failed,Failed
2021-11-24 08:24:25,Failed,Failed,Failed
2021-11-24 08:24:26,CR,0.18,17.68
2021-11-24 08:24:28,CR,0.15,25.15
2021-11-24 08:24:30,CR,0.15,16.22
2021-11-24 08:24:34,MR,0.5,1164.37
2021-11-24 08:24:35,CR,0.15,28.5
2021-11-24 08:24:36,US,0.19,135.34
2021-11-24 08:24:39,MR,0.27,712.38
2021-11-24 08:24:40,CR,0.16,27.43
2021-11-24 08:24:41,CR,0.15,16.72
2021-11-24 08:24:43,CT,0.17,554.24
2021-11-24 08:24:45,CR,0.15,29.38
2021-11-24 08:24:46,US,0.16,168.94
2021-11-24 08:24:49,CR,0.29,12.22
2021-11-24 08:24:49,MR,0.11,1200.56
2021-11-24 08:24:51,CR,0.15,28.24
2021-11-24 08:24:51,Failed,Failed,Failed
2021-11-24 08:24:52,CR,0.15,28.98
2021-11-24 08:24:54,MR,0.28,308.06
2021-11-24 08:24:56,CR,0.27,11.56
2021-11-24 08:24:56,Failed,Failed,Failed
2021-11-24 08:25:00,US,0.16,134.17
2021-11-24 08:25:01,CT,0.16,741.92
2021-11-24 08:25:02,Failed,Failed,Failed
2021-11-24 08:25:03,US,0.33,146.6
2021-11-24 08:25:06,MR,0.13,328.95
2021-11-24 08:25:09,CR,0.28,12.04
2021-11-24 08:25:10,CR,0.32,9.06
2021-11-24 08:25:13,MR,0.28,164.27
2021-11-24 08:25:15,CR,0.16,26.72
2021-11-24 08:25:16,US,0.17,164.18
2021-11-24 08:25:21,CT,0.34,314.59
2021-11-24 08:25:21,CR,0.18,24.01
2021-11-24 08:25:21,CR,0.16,24.47
2021-11-24 08:25:21,CR,0.16,22.39
2021-11-24 08:25:24,CR,0.2,23.27
2021-11-24 08:25:24,CR,0.16,11.89
2021-11-24 08:25:27,Failed,Failed,Failed
2021-11-24 08:25:28,CT,0.16,520.85
2021-11-24 08:25:28,Failed,Failed,Failed
2021-11-24 08:25:28,Failed,Failed,Failed
2021-11-24 08:25:29,CR,0.15,26.73
2021-11-24 08:25:31,CR,0.15,30.06
2021-11-24 08:25:31,CR,0.36,8.69
2021-11-24 08:25:35,CR,0.27,14.85
2021-11-24 08:25:35,CR,0.3,11.31
2021-11-24 08:25:35,CT,0.14,384.45
2021-11-24 08:25:36,US,0.18,288.77
2021-11-24 08:25:39,CR,0.28,12.63
2021-11-24 08:25:40,CR,0.15,28.34
2021-11-24 08:25:41,CR,0.15,27.29
2021-11-24 08:25:41,Failed,Failed,Failed
2021-11-24 08:25:44,CR,0.15,25.31
2021-11-24 08:25:45,US,0.11,81.54
2021-11-24 08:25:46,CR,0.15,18.14
2021-11-24 08:25:50,US,0.16,169.54
2021-11-24 08:25:51,Failed,Failed,Failed
2021-11-24 08:25:51,CR,0.15,31.3
2021-11-24 08:25:52,Failed,Failed,Failed
2021-11-24 08:25:52,CR,0.32,21.58
2021-11-24 08:25:56,MR,0.12,561.14
2021-11-24 08:25:58,CT,0.38,381.18
2021-11-24 08:25:59,CR,0.31,11.59
2021-11-24 08:26:01,CR,0.29,11.34
2021-11-24 08:26:05,CT,0.19,768.08
2021-11-24 08:26:05,CT,0.34,282.61
2021-11-24 08:26:06,MR,0.13,523.46
2021-11-24 08:26:06,Failed,Failed,Failed
2021-11-24 08:26:06,US,0.19,156.41
2021-11-24 08:26:09,CR,0.31,12.07
2021-11-24 08:26:11,CR,0.15,28.23
2021-11-24 08:26:13,MR,0.21,710.98
2021-11-24 08:26:15,CT,0.18,821.49
2021-11-24 08:26:16,CR,0.29,9.15
2021-11-24 08:26:17,CR,0.16,29.23
2021-11-24 08:26:17,MR,0.14,362.71
2021-11-24 08:26:21,US,0.22,36.56
2021-11-24 08:26:22,CT,0.34,326.5
2021-11-24 08:26:26,CR,0.28,12.92
2021-11-24 08:26:30,CR,0.16,28.84
2021-11-24 08:26:31,Failed,Failed,Failed
2021-11-24 08:26:31,Failed,Failed,Failed
2021-11-24 08:26:31,Failed,Failed,Failed
2021-11-24 08:26:32,Failed,Failed,Failed
2021-11-24 08:26:33,CR,0.29,9.81
2021-11-24 08:26:35,CT,0.29,303.4
2021-11-24 08:26:35,Failed,Failed,Failed
2021-11-24 08:26:35,Failed,Failed,Failed
2021-11-24 08:26:35,CT,0.32,472.44
2021-11-24 08:26:35,US,0.15,230.32
2021-11-24 08:26:37,MR,0.14,502.09
2021-11-24 08:26:39,CT,0.16,393.7
2021-11-24 08:26:41,CR,0.3,15.63
2021-11-24 08:26:44,Failed,Failed,Failed
2021-11-24 08:26:45,MR,0.14,615.27
2021-11-24 08:26:46,CR,0.17,22.49
2021-11-24 08:26:46,MR,0.17,372.57
2021-11-24 08:26:48,CR,0.29,15.84
2021-11-24 08:26:48,CR,0.25,27.13
2021-11-24 08:26:48,CT,0.34,307.88
2021-11-24 08:26:49,Failed,Failed,Failed
2021-11-24 08:26:50,Failed,Failed,Failed
2021-11-24 08:26:50,Failed,Failed,Failed
2021-11-24 08:26:50,MR,0.11,1072.97
2021-11-24 08:26:53,CR,0.3,14.45
2021-11-24 08:26:55,CR,0.29,10.66
2021-11-24 08:26:56,CR,0.15,30.49
2021-11-24 08:26:57,US,0.18,151.98
2021-11-24 08:26:57,MR,0.12,574.89
2021-11-24 08:26:59,CR,0.16,21.5
2021-11-24 08:26:59,Failed,Failed,Failed
2021-11-24 08:26:59,US,0.16,174.4
2021-11-24 08:27:01,CR,0.28,10.14
2021-11-24 08:27:01,Failed,Failed,Failed
2021-11-24 08:27:02,Failed,Failed,Failed
2021-11-24 08:27:04,CR,0.28,9.67
2021-11-24 08:27:04,CR,0.29,10.22
2021-11-24 08:27:05,CT,0.11,678.58
2021-11-24 08:27:06,MR,0.13,243.88
2021-11-24 08:27:06,CR,0.17,26.54
2021-11-24 08:27:06,CT,0.27,538.13
2021-11-24 08:27:09,US,0.16,297.93
2021-11-24 08:27:11,CR,1.65,10.02
2021-11-24 08:27:13,CR,0.16,27.73
2021-11-24 08:27:14,CT,0.14,349.18
2021-11-24 08:27:16,US,0.16,165.29
2021-11-24 08:27:16,CR,0.16,23.45
2021-11-24 08:27:17,CT,0.12,166.19
2021-11-24 08:30:51,Failed,Failed,Failed
2021-11-24 08:31:01,Failed,Failed,Failed
2021-11-24 09:28:30,Failed,Failed,Failed
2021-11-24 09:28:32,Failed,Failed,Failed
2021-11-24 09:28:32,Failed,Failed,Failed
2021-11-24 09:28:33,Failed,Failed,Failed
2021-11-24 09:29:11,CR,0.15,31.86
2021-11-24 09:29:54,CR,0.15,28.54
2021-11-24 09:29:55,CR,0.15,24.77
2021-11-24 09:29:57,MR,0.15,359.12
2021-11-24 09:29:58,US,0.19,153.32
2021-11-24 09:29:58,CR,0.15,26.5
2021-11-24 09:30:00,US,0.16,144.91
2021-11-24 09:30:02,US,0.15,296.85
2021-11-24 09:30:03,US,0.44,113.04
2021-11-24 09:30:04,CT,0.19,592.26
2021-11-24 09:30:05,CR,0.47,8.79
2021-11-24 09:30:05,MR,0.41,174.87
2021-11-24 09:30:07,MR,0.38,178.05
2021-11-24 09:30:07,CT,0.18,784.92
2021-11-24 09:30:07,CR,0.15,26.0
2021-11-24 09:30:10,MR,0.15,342.29
2021-11-24 09:30:11,CT,0.18,562.64
2021-11-24 09:30:12,MR,0.15,451.42
2021-11-24 09:30:13,CR,0.19,22.57
2021-11-24 09:30:13,CT,0.14,459.94
2021-11-24 09:30:14,CR,0.15,28.62
2021-11-24 09:30:15,CR,0.42,11.22
2021-11-24 09:30:16,CR,0.19,15.22
2021-11-24 09:30:17,CR,1.06,28.17
2021-11-24 09:30:18,US,0.25,287.31
2021-11-24 09:30:20,CR,0.44,12.24
2021-11-24 09:30:44,CR,0.16,28.72
2021-11-24 09:32:08,CR,0.15,26.56
2021-11-24 09:34:10,CT,0.18,375.69
2021-11-24 09:34:10,CR,1.45,13.65
2021-11-24 09:34:11,CR,0.16,24.71
2021-11-24 09:34:12,US,0.17,282.19
2021-11-24 09:34:13,CR,0.16,25.69
2021-11-24 09:34:14,CR,0.15,26.77
2021-11-24 09:34:15,CR,0.31,13.38
2021-11-24 09:34:16,CR,0.28,13.32
2021-11-24 09:34:17,CR,0.15,27.25
2021-11-24 09:34:18,CT,0.14,730.7
2021-11-24 09:34:21,MR,0.14,433.24
2021-11-24 09:34:21,CT,0.14,378.55
2021-11-24 09:34:22,US,0.17,265.3
2021-11-24 09:34:22,CR,0.16,28.03
2021-11-24 09:34:24,CR,0.32,11.47
2021-11-24 09:34:25,CT,0.17,651.77
2021-11-24 09:34:26,CR,0.16,29.37
2021-11-24 09:34:27,MR,0.14,534.44
2021-11-24 09:34:28,MR,0.15,346.07
2021-11-24 09:34:29,MR,0.17,453.25
2021-11-24 09:34:31,CT,0.15,352.16
2021-11-24 09:34:31,CR,0.34,14.3
2021-11-24 09:34:32,CR,0.16,27.49
2021-11-24 09:34:34,CR,0.17,25.01
2021-11-24 09:34:34,MR,0.29,219.86
2021-11-24 09:34:36,CR,0.18,22.96
2021-11-24 09:34:37,CT,0.17,662.99
2021-11-24 09:34:39,CR,0.18,23.79
2021-11-24 09:34:39,CT,0.44,260.13
2021-11-24 09:34:39,MG,0.23,12.32
2021-11-24 09:34:40,MR,0.16,503.24
2021-11-24 09:34:41,MG,0.18,8.64
2021-11-24 09:34:41,CR,0.17,30.75
2021-11-24 09:34:43,MG,0.34,6.25
2021-11-24 09:34:43,CR,0.29,12.31
2021-11-24 09:34:44,CR,0.16,27.75
2021-11-24 09:34:45,CR,0.29,12.85
2021-11-24 09:34:47,MG,0.18,11.6
2021-11-24 09:34:49,CR,0.15,29.58
2021-11-24 09:34:49,CR,2.62,7.28
2021-11-24 09:34:50,CT,0.16,571.59
2021-11-24 09:34:54,CT,0.16,542.12
2021-11-24 09:34:54,CT,0.92,99.82
2021-11-24 09:34:55,MR,0.15,337.87
2021-11-24 09:34:55,MG,3.29,5.57
2021-11-24 09:34:55,CR,0.16,28.45
2021-11-24 09:34:56,CT,2.46,280.84
2021-11-24 09:34:57,US,0.14,149.83
2021-11-24 09:34:57,MR,0.15,317.53
2021-11-24 09:34:59,CR,0.15,28.08
2021-11-24 09:34:59,CR,0.15,32.51
2021-11-24 09:35:01,MG,0.19,11.96
2021-11-24 09:35:01,CR,0.34,8.48
2021-11-24 09:35:02,CR,0.29,11.1
2021-11-24 09:35:03,CR,0.15,26.24
2021-11-24 09:35:04,CR,0.15,27.24
2021-11-24 09:35:05,CR,0.16,23.39
2021-11-24 09:35:06,CR,0.32,11.73
2021-11-24 09:35:08,CT,0.35,483.64
2021-11-24 09:35:09,CR,0.23,18.07
2021-11-24 09:35:10,CR,0.43,8.11
2021-11-24 09:35:12,US,0.15,302.78
2021-11-24 09:35:12,CR,0.28,12.8
2021-11-24 09:35:14,CR,0.17,22.77
2021-11-24 09:35:14,MR,0.31,210.08
2021-11-24 09:35:16,MR,0.12,818.55
2021-11-24 09:35:18,MG,0.49,5.92
2021-11-24 09:35:19,CR,0.33,11.91
2021-11-24 09:35:20,MG,0.52,5.57
2021-11-24 09:35:21,US,0.19,98.09
2021-11-24 09:35:21,CR,0.32,10.92
2021-11-24 09:35:23,CR,0.2,26.16
2021-11-24 09:35:23,MR,0.23,507.89
2021-11-24 09:35:25,CR,0.33,17.24
2021-11-24 09:35:26,CR,0.36,11.82
2021-11-24 09:35:27,MG,0.37,9.81
2021-11-24 09:35:28,CR,0.18,28.75
2021-11-24 09:35:29,CR,1.49,12.13
2021-11-24 09:35:30,CR,0.33,12.96
2021-11-24 09:35:31,CT,0.58,360.63
2021-11-24 09:35:32,MG,0.52,9.54
2021-11-24 09:35:32,US,0.16,176.14
2021-11-24 09:35:33,MG,0.21,11.23
2021-11-24 09:35:34,CT,0.18,696.2
2021-11-24 09:35:34,CT,0.2,491.94
2021-11-24 09:35:34,CR,0.28,14.25
2021-11-24 09:35:36,US,0.34,89.24
2021-11-24 09:35:36,CR,0.16,26.79
2021-11-24 09:35:37,CR,0.27,14.55
2021-11-24 09:35:37,CT,0.12,574.34
2021-11-24 09:35:38,CR,0.45,8.65
2021-11-24 09:35:38,CT,0.41,362.61
2021-11-24 09:35:39,MG,0.25,12.17
2021-11-24 09:35:39,CR,0.16,23.53
2021-11-24 09:35:40,MR,0.17,424.98
2021-11-24 09:35:41,CR,1.9,12.95
2021-11-24 09:35:42,MG,0.22,10.97
2021-11-24 09:35:43,US,0.92,92.02
2021-11-24 09:35:46,CR,0.16,31.15
2021-11-24 09:35:48,CR,0.12,48.87
2021-11-24 09:35:50,CR,0.26,14.93
2021-11-24 09:35:56,MG,0.32,6.73
2021-11-24 09:35:58,CR,0.26,13.5
2021-11-24 09:36:00,CR,0.26,14.81
2021-11-24 09:36:03,CT,0.18,813.98
2021-11-24 09:36:07,CT,0.13,621.55
2021-11-24 09:36:08,CR,0.15,29.96
2021-11-24 09:36:08,US,0.29,86.12
2021-11-24 09:36:09,CR,0.2,21.86
2021-11-24 09:36:12,MG,0.21,12.6
2021-11-24 09:36:13,CR,0.15,25.43
2021-11-24 09:36:14,CR,0.15,30.48
2021-11-24 09:36:21,CT,0.16,686.6
2021-11-24 09:36:23,CR,0.31,12.03
2021-11-24 09:36:24,MG,0.2,11.96
2021-11-24 09:36:26,US,0.17,140.29
2021-11-24 09:36:27,CR,0.29,11.52
2021-11-24 09:36:28,CT,0.17,707.49
2021-11-24 09:36:29,US,0.36,89.46
2021-11-24 09:36:30,US,0.15,180.88
2021-11-24 09:36:31,MG,0.18,13.3
2021-11-24 09:36:34,CT,0.18,704.08
2021-11-24 09:36:34,CR,0.15,29.87
2021-11-24 09:36:37,US,0.16,165.7
2021-11-24 09:36:39,MR,0.17,454.09
2021-11-24 09:36:44,CR,0.2,27.2
2021-11-24 09:44:58,CR,1.47,17.05
2021-11-24 09:44:58,MG,0.21,10.26
2021-11-24 09:44:59,US,0.17,234.62
2021-11-24 09:44:59,CR,0.15,25.81
2021-11-24 09:45:01,MG,0.22,12.19
2021-11-24 09:45:01,CR,0.21,18.7
2021-11-24 09:45:02,CR,0.28,29.97
2021-11-24 09:45:03,CR,0.15,24.92
2021-11-24 09:45:04,CR,0.16,26.91
2021-11-24 09:45:05,CR,0.15,25.86
2021-11-24 09:45:07,CR,0.17,25.84
2021-11-24 09:45:09,CR,0.23,14.64
2021-11-24 09:45:10,CT,0.23,285.81
2021-11-24 09:45:10,US,0.2,272.58
2021-11-24 09:45:11,CR,0.15,30.79
2021-11-24 09:45:13,US,2.11,266.95
2021-11-24 09:45:13,CR,0.23,20.46
2021-11-24 09:45:14,US,0.29,282.64
2021-11-24 09:45:15,CR,0.15,26.86
2021-11-24 09:45:16,CT,0.12,442.72
2021-11-24 09:45:18,CR,0.33,16.29
2021-11-24 09:45:18,CT,0.19,586.23
2021-11-24 09:45:19,CR,0.16,25.66
2021-11-24 09:45:20,CR,0.15,29.64
2021-11-24 09:45:21,MR,0.13,423.07
2021-11-24 09:45:23,US,0.16,188.04
2021-11-24 09:45:24,CR,0.27,15.12
2021-11-24 09:45:25,CR,0.2,20.74
2021-11-24 09:45:26,MR,0.11,553.82
2021-11-24 09:45:27,MG,0.19,10.71
2021-11-24 09:45:29,MG,0.23,11.38
2021-11-24 09:45:30,CR,0.18,25.12
2021-11-24 09:45:30,MG,0.34,4.07
2021-11-24 09:45:31,MG,0.18,10.22
2021-11-24 09:45:33,CR,0.58,10.14
2021-11-24 09:45:34,CR,0.16,23.11
2021-11-24 09:45:36,CT,0.21,222.76
2021-11-24 09:45:37,US,0.3,119.87
2021-11-24 09:45:37,MG,0.19,9.79
2021-11-24 09:45:38,CT,0.16,556.31
2021-11-24 09:45:38,CR,0.34,11.4
2021-11-24 09:45:40,CR,0.17,5.86
2021-11-24 09:45:40,CT,0.13,610.06
2021-11-24 09:45:41,CT,0.14,621.57
2021-11-24 09:45:41,MG,0.32,10.32
2021-11-24 09:45:42,CR,0.3,10.68
2021-11-24 09:45:44,US,0.33,78.37
2021-11-24 09:45:45,CT,0.22,301.82
2021-11-24 09:45:46,CT,0.12,524.23
2021-11-24 09:45:46,CR,0.36,10.15
2021-11-24 09:45:47,CT,0.12,611.21
2021-11-24 09:45:48,CR,0.28,11.45
2021-11-24 09:45:49,CR,0.33,9.39
2021-11-24 09:45:51,US,0.17,275.91
2021-11-24 09:45:52,MR,0.12,980.6
2021-11-24 09:45:53,CT,0.16,598.78
2021-11-24 09:45:54,CR,0.34,13.94
2021-11-24 09:45:55,US,0.32,84.64
2021-11-24 09:45:56,CR,0.15,27.17
2021-11-24 09:45:56,CR,0.29,10.77
2021-11-24 09:45:57,CR,0.15,30.46
2021-11-24 09:45:58,CR,0.2,18.47
2021-11-24 09:45:59,CR,0.17,24.52
2021-11-24 09:46:00,CR,0.29,14.2
2021-11-24 09:46:03,CT,0.13,560.26
2021-11-24 09:46:03,CT,0.34,345.29
2021-11-24 09:46:04,CR,0.3,12.38
2021-11-24 09:46:05,MR,0.14,534.89
2021-11-24 09:46:06,CT,0.16,788.38
2021-11-24 09:46:06,CR,0.25,26.94
2021-11-24 09:46:07,CR,0.3,15.31
2021-11-24 09:46:09,MR,0.14,417.83
2021-11-24 09:46:10,CT,0.38,541.87
2021-11-24 09:46:11,US,0.3,147.45
2021-11-24 09:46:11,CR,0.3,5.88
2021-11-24 09:46:14,US,0.29,163.91
2021-11-24 09:46:14,MG,0.2,8.87
2021-11-24 09:46:14,CR,0.26,14.48
2021-11-24 09:46:15,CR,0.28,11.01
2021-11-24 09:46:17,CT,0.17,656.59
2021-11-24 09:46:17,US,0.38,73.34
2021-11-24 09:46:18,MG,0.31,2.97
2021-11-24 09:46:19,CR,0.16,28.76
2021-11-24 09:46:21,MR,0.13,355.75
2021-11-24 09:46:21,CR,0.21,16.78
2021-11-24 09:46:22,CR,0.26,19.0
2021-11-24 09:46:23,CT,0.17,701.13
2021-11-24 09:46:24,CR,0.15,22.03
2021-11-24 09:46:25,MR,0.24,323.56
2021-11-24 09:46:26,CR,0.24,8.02
2021-11-24 09:46:26,CT,0.12,481.88
2021-11-24 09:46:26,CR,0.16,28.64
2021-11-24 09:46:27,CT,0.36,305.05
2021-11-24 09:46:27,CR,0.17,26.42
2021-11-24 09:46:27,CR,0.16,26.34
2021-11-24 09:46:28,US,0.15,181.31
2021-11-24 09:46:29,CR,0.17,24.8
2021-11-24 09:46:30,CT,0.12,515.9
2021-11-24 09:46:32,MR,0.16,426.68
2021-11-24 09:46:34,CT,0.22,317.01
2021-11-24 09:46:37,MR,0.14,483.71
2021-11-24 09:46:39,CT,0.31,532.47
2021-11-24 09:46:41,MR,0.26,212.44
2021-11-24 09:46:42,US,0.27,54.88
2021-11-24 09:46:44,US,0.17,266.89
2021-11-24 09:46:45,CR,0.15,31.05
2021-11-24 09:46:49,US,0.17,323.97
2021-11-24 09:46:52,MR,0.28,275.63
2021-11-24 09:46:54,CR,0.26,12.7
2021-11-24 09:46:57,CR,0.14,26.92
2021-11-24 09:46:58,CT,0.16,736.25
2021-11-24 09:47:03,MG,0.19,10.46
2021-11-24 09:47:04,MR,0.18,1072.42
2021-11-24 09:47:07,US,0.15,185.2
2021-11-24 09:47:11,MR,0.18,446.15
2021-11-24 09:47:12,CR,0.3,15.15
2021-11-24 09:47:16,CT,0.33,355.09
2021-11-24 09:47:18,CR,0.16,24.39
2021-11-24 09:47:20,CR,0.27,10.04
2021-11-24 09:47:20,CR,0.15,27.61
2021-11-24 09:47:22,CT,0.27,383.15
2021-11-24 09:47:23,US,0.3,147.34
2021-11-24 09:47:24,CR,0.31,9.05
2021-11-24 09:47:28,MG,0.21,13.31
2021-11-24 09:47:29,US,0.16,275.45
2021-11-24 09:47:31,MG,0.18,12.58
2021-11-24 09:47:32,CT,0.18,498.16
2021-11-24 09:47:36,US,0.15,247.4
2021-11-24 09:47:39,CR,0.17,24.13
2021-11-24 09:47:46,CT,0.17,317.11
2021-11-24 09:47:46,MG,0.21,10.35
2021-11-24 09:47:46,CT,0.18,417.82
2021-11-24 09:47:48,CT,0.12,270.3
2021-11-24 09:47:50,CR,0.26,10.22
2021-11-24 09:47:51,CR,0.17,24.72
2021-11-24 09:47:51,US,0.15,271.65
2021-11-24 09:47:53,MR,0.14,285.28
2021-11-24 09:47:56,MG,0.2,11.56
2021-11-24 09:47:57,MR,0.28,248.38
2021-11-24 09:48:09,CR,0.15,30.13
2021-11-24 09:48:18,CR,0.34,9.0
2021-11-24 09:48:22,MG,0.18,12.7
2021-11-24 09:48:23,CR,0.17,17.29
2021-11-24 09:48:25,CR,0.16,28.06
2021-11-24 09:48:26,CT,0.34,328.12
2021-11-24 09:48:35,CT,0.2,724.11
2021-11-24 09:48:37,MG,0.19,12.1
2021-11-24 09:48:38,CR,0.16,23.61
2021-11-24 09:48:41,MR,0.23,301.79
2021-11-24 09:48:43,CT,0.12,482.05
2021-11-24 09:48:45,US,0.15,277.2
2021-11-24 09:48:45,CR,0.26,12.63
2021-11-24 09:48:46,US,0.15,179.38
2021-11-24 09:48:47,CR,0.15,20.58
2021-11-24 09:48:49,CR,0.26,11.56
2021-11-24 09:48:50,CR,0.15,29.13
2021-11-24 09:48:52,MR,0.13,442.52
2021-11-24 09:48:53,CR,0.28,13.7
2021-11-24 09:48:55,US,0.15,241.86
2021-11-24 09:48:56,US,0.15,255.3
2021-11-24 09:49:01,MR,0.12,365.46
2021-11-24 09:49:02,CR,0.28,14.69
2021-11-24 09:49:04,CT,0.16,809.72
2021-11-24 09:49:06,CR,0.18,17.29
2021-11-24 09:49:09,CT,0.16,693.8
2021-11-24 09:49:14,MR,0.14,345.65
2021-11-24 09:49:15,CR,0.25,26.1
2021-11-24 09:49:16,CT,0.26,455.06
2021-11-24 09:49:18,CT,0.42,329.97
2021-11-24 09:49:20,MR,0.14,496.2
2021-11-24 09:49:33,CT,0.19,496.72
2021-11-24 09:49:35,CT,0.21,592.57
2021-11-24 09:49:37,MR,0.22,263.41
2021-11-24 09:49:38,CR,0.3,11.94
2021-11-24 09:49:39,MR,0.54,164.12
2021-11-24 09:49:42,CR,0.15,24.22
2021-11-24 09:49:42,MG,0.37,6.59
2021-11-24 09:49:43,US,0.17,307.23
2021-11-24 09:49:47,US,0.3,158.09
2021-11-24 09:49:48,US,0.3,144.87
2021-11-24 09:49:49,CR,0.3,12.66
2021-11-24 09:49:49,CR,0.15,24.65
2021-11-24 09:49:54,MG,0.25,7.22
2021-11-24 09:49:56,CR,0.15,28.94
2021-11-24 09:50:05,MR,0.15,303.99
2021-11-24 09:50:05,MG,0.33,10.08
2021-11-24 09:50:07,MG,0.21,8.38
2021-11-24 09:50:09,MG,0.36,9.46
2021-11-24 09:50:09,CT,0.17,844.36
2021-11-24 09:50:09,CR,0.19,20.32
2021-11-24 09:50:11,CR,0.15,29.47
2021-11-24 09:50:13,US,0.22,133.43
2021-11-24 09:50:13,CR,0.41,9.28
2021-11-24 09:50:15,CR,0.15,13.83
2021-11-24 09:50:16,CT,0.16,762.13
2021-11-24 09:50:17,MG,0.36,9.65
2021-11-24 09:50:19,CT,0.17,653.7
2021-11-24 09:50:26,CR,0.18,26.14
2021-11-24 09:50:29,MG,0.19,12.25
2021-11-24 09:50:31,CT,0.32,276.29
2021-11-24 09:50:31,MR,0.22,332.33
2021-11-24 09:50:31,US,0.31,71.97
2021-11-24 09:50:35,MR,0.14,542.18
2021-11-24 09:50:39,MR,0.23,273.78
2021-11-24 09:50:40,CT,0.31,409.81
2021-11-24 09:50:41,CR,0.27,13.7
2021-11-24 09:50:42,CR,0.17,27.24
2021-11-24 09:50:47,CR,0.16,25.32
2021-11-24 09:50:52,CR,0.15,29.3
2021-11-24 09:50:53,CR,0.26,13.36
2021-11-24 09:50:58,CT,0.29,343.8
2021-11-24 09:51:01,CT,0.16,630.34
2021-11-24 09:51:02,US,0.2,173.89
2021-11-24 09:51:02,US,0.3,148.23
2021-11-24 09:51:02,CR,0.16,26.49
2021-11-24 09:51:05,CR,0.15,26.85
2021-11-24 09:51:08,CT,0.17,587.01
2021-11-24 09:51:09,MR,0.23,277.31
2021-11-24 09:51:10,US,0.18,311.0
2021-11-24 09:51:10,CR,0.42,11.14
2021-11-24 09:51:11,CR,0.46,7.79
2021-11-24 09:51:12,MR,0.14,605.18
2021-11-24 09:51:13,CR,0.27,11.55
2021-11-24 09:51:14,US,0.19,141.54
2021-11-24 09:51:15,US,0.11,61.96
2021-11-24 09:51:17,CR,0.17,26.65
2021-11-24 09:51:20,CR,0.16,26.88
2021-11-24 09:51:21,MR,0.28,264.25
2021-11-24 09:51:21,MR,0.15,453.41
2021-11-24 09:51:25,MR,0.19,269.65
2021-11-24 09:51:27,CR,0.28,11.26
2021-11-24 09:51:27,CR,0.15,30.75
2021-11-24 09:51:30,CR,0.16,21.79
2021-11-24 09:51:33,CR,0.28,14.67
2021-11-24 09:51:34,CR,0.27,10.87
2021-11-24 09:51:37,CR,0.12,17.9
2021-11-24 09:51:37,MG,0.31,5.83
2021-11-24 09:51:41,MR,0.24,162.76
2021-11-24 09:51:41,CR,0.28,13.66
2021-11-24 09:51:46,CR,0.16,20.94
2021-11-24 09:51:49,CT,0.28,401.64
2021-11-24 09:51:50,CR,0.25,9.51
2021-11-24 09:51:51,US,0.15,152.35
2021-11-24 09:51:51,US,0.17,177.12
2021-11-24 09:51:54,CR,0.29,9.96
2021-11-24 09:52:00,MR,0.12,606.76
2021-11-24 09:52:01,CR,0.16,18.26
2021-11-24 09:52:03,CR,0.1,24.58
2021-11-24 09:52:05,CR,0.18,26.19
2021-11-24 09:52:05,CR,0.3,6.28
2021-11-24 09:52:07,CR,0.26,14.93
2021-11-24 09:52:09,CR,0.15,26.68
2021-11-24 09:52:10,CR,0.15,29.74
2021-11-24 09:52:13,MR,0.17,462.66
2021-11-24 09:52:17,CR,0.18,22.5
2021-11-24 09:52:18,CT,0.17,601.88
2021-11-24 09:52:21,CR,0.27,6.59
2021-11-24 09:52:21,CT,0.23,343.77
2021-11-24 09:52:22,CR,0.16,28.65
2021-11-24 09:52:25,CR,0.15,29.53
2021-11-24 09:52:28,US,0.18,213.94
2021-11-24 09:52:29,CR,0.15,12.64
2021-11-24 09:52:34,CR,0.15,21.06
2021-11-24 09:52:38,CR,0.17,17.98
2021-11-24 09:52:38,CT,0.34,359.79
2021-11-24 09:52:39,CR,0.15,30.89
2021-11-24 09:52:41,CR,0.29,13.81
2021-11-24 09:52:41,US,0.15,250.16
2021-11-24 09:52:43,MG,0.41,10.56
2021-11-24 09:52:44,CR,0.16,23.97
2021-11-24 09:52:47,MR,0.27,157.12
2021-11-24 09:52:47,CR,0.36,8.42
2021-11-24 09:52:52,CR,0.16,20.89
2021-11-24 09:52:52,MG,0.18,10.14
2021-11-24 09:52:54,US,0.15,268.34
2021-11-24 09:52:56,CR,0.15,26.37
2021-11-24 09:52:57,CR,0.15,21.15
2021-11-24 09:52:59,CT,0.1,702.24
2021-11-24 09:53:01,CR,0.15,30.43
2021-11-24 09:53:02,MG,0.32,6.35
2021-11-24 09:53:03,CR,0.15,29.72
2021-11-24 09:53:07,US,0.17,296.36
2021-11-24 09:53:07,CT,0.12,785.04
2021-11-24 09:53:09,CT,0.32,300.04
2021-11-24 09:53:10,CR,0.16,28.05
2021-11-24 09:53:11,CR,0.29,18.16
2021-11-24 09:53:12,US,0.3,196.87
2021-11-24 09:53:12,CR,0.09,30.9
2021-11-24 09:53:13,CT,0.33,306.44
2021-11-24 09:53:14,CR,0.15,23.14
2021-11-24 09:53:14,CT,0.12,504.95
2021-11-24 09:53:19,CT,0.18,648.67
2021-11-24 09:53:19,MG,0.21,11.25
2021-11-24 09:53:25,CR,0.28,12.66
2021-11-24 09:53:27,CR,0.17,18.74
2021-11-24 09:53:29,CT,0.1,595.09
2021-11-24 09:53:29,CR,0.27,11.92
2021-11-24 09:53:30,CR,0.26,14.43
2021-11-24 09:53:30,MG,0.18,12.85
2021-11-24 09:53:32,US,0.28,86.19
2021-11-24 09:53:33,CR,0.26,13.4
2021-11-24 09:53:33,CR,0.27,12.0
2021-11-24 09:53:36,CT,0.94,641.56
2021-11-24 09:53:38,MG,0.34,4.65
2021-11-24 09:53:44,CT,0.33,331.51
2021-11-24 09:53:45,CT,0.33,273.42
2021-11-24 09:53:46,US,0.16,129.08
2021-11-24 09:53:47,CT,0.28,388.27
2021-11-24 09:53:51,US,0.27,204.3
2021-11-24 09:53:53,CR,0.32,10.04
2021-11-24 09:53:54,CT,0.74,288.51
2021-11-24 09:53:55,CR,0.17,16.24
2021-11-24 09:53:55,CR,0.24,28.65
2021-11-24 09:53:59,CR,0.29,14.88
2021-11-24 09:54:00,CR,0.58,12.76
2021-11-24 09:54:02,CT,0.3,281.4
2021-11-24 09:54:03,MG,0.21,10.31
2021-11-24 09:54:04,US,0.16,150.15
2021-11-24 09:54:06,CT,0.17,447.79
2021-11-24 09:54:06,MG,0.21,10.18
2021-11-24 09:54:06,US,0.34,82.83
2021-11-24 09:54:07,MG,0.26,6.82
2021-11-24 09:54:08,MG,0.13,11.22
2021-11-24 09:54:08,CR,0.25,13.54
2021-11-24 09:54:12,US,0.14,305.19
2021-11-24 09:54:17,MG,0.43,6.59
2021-11-24 09:54:20,CR,0.09,30.33
2021-11-24 09:54:22,CR,0.31,10.71
2021-11-24 09:54:27,MG,0.19,10.66
2021-11-24 09:54:27,MR,0.14,469.53
2021-11-24 09:54:28,US,0.18,238.31
2021-11-24 09:54:28,CT,0.18,791.51
2021-11-24 09:54:28,CR,0.15,31.09
2021-11-24 09:54:33,CR,0.16,28.98
2021-11-24 09:54:34,CR,0.15,26.17
2021-11-24 09:54:35,CT,0.17,740.24
2021-11-24 09:54:35,MG,0.33,5.9
2021-11-24 09:54:35,US,0.2,151.22
2021-11-24 09:54:37,CR,0.12,25.8
2021-11-24 09:54:37,MG,0.21,10.41
2021-11-24 09:54:38,CR,0.3,8.3
2021-11-24 09:54:39,MR,0.23,659.96
2021-11-24 09:54:40,CR,0.17,30.08
2021-11-24 09:54:41,MG,0.3,6.66
2021-11-24 09:54:44,US,0.33,83.38
2021-11-24 09:54:46,MG,0.21,10.61
2021-11-24 09:54:46,US,0.17,283.43
2021-11-24 09:54:50,US,0.1,88.03
2021-11-24 09:54:50,MG,0.19,11.28
2021-11-24 09:54:52,CR,0.3,30.37
2021-11-24 09:54:54,CR,0.24,30.54
2021-11-24 09:54:54,CT,0.16,554.86
2021-11-24 09:54:57,CR,0.15,27.38
2021-11-24 09:54:57,CT,0.12,270.7
2021-11-24 09:54:58,MR,0.15,343.07
2021-11-24 09:54:59,CR,0.15,24.76
2021-11-24 09:55:03,CT,0.12,512.11
2021-11-24 09:55:05,CT,0.3,488.97
2021-11-24 09:55:15,CR,0.15,29.73
2021-11-24 09:55:16,MR,0.13,356.91
2021-11-24 09:55:18,CT,0.31,402.3
2021-11-24 09:55:19,CR,0.15,26.85
2021-11-24 09:55:20,CR,0.3,11.87
2021-11-24 09:55:24,MG,0.38,6.12
2021-11-24 09:55:25,MR,0.13,522.87
2021-11-24 09:55:26,MR,0.3,180.51
2021-11-24 09:55:34,CT,0.33,351.63
2021-11-24 09:55:39,MG,0.32,5.74
2021-11-24 09:55:42,CT,0.12,400.82
2021-11-24 09:55:43,CR,0.16,23.6
2021-11-24 09:55:44,MG,0.55,12.6
2021-11-24 09:55:44,CR,0.1,26.28
2021-11-24 09:55:46,US,0.16,99.98
2021-11-24 09:55:52,CR,0.16,21.0
2021-11-24 09:55:53,MG,0.19,11.3
2021-11-24 09:55:55,CR,0.17,25.32
2021-11-24 09:55:58,CR,0.28,12.1
2021-11-24 09:55:59,CT,0.17,645.1
2021-11-24 09:56:03,CR,0.38,8.81
2021-11-24 09:56:04,CR,0.17,28.0
2021-11-24 09:56:05,MG,0.15,8.58
2021-11-24 09:56:05,MR,0.24,196.86
2021-11-24 09:56:07,MR,0.13,316.29
2021-11-24 09:56:16,CR,0.09,29.2
2021-11-24 09:56:17,US,0.16,154.08
2021-11-24 09:56:19,US,0.34,85.93
2021-11-24 09:56:20,US,0.42,143.25
2021-11-24 09:56:22,MG,0.18,9.95
2021-11-24 09:56:22,CR,0.17,23.19
2021-11-24 09:56:24,US,0.16,133.43
2021-11-24 09:56:25,MG,0.35,10.35
2021-11-24 09:56:27,CT,0.17,652.4
2021-11-24 09:56:27,CT,0.06,358.47
2021-11-24 09:56:31,MG,0.21,12.13
2021-11-24 09:56:32,CR,0.28,5.21
2021-11-24 09:56:32,CR,0.15,27.11
2021-11-24 09:56:36,CT,0.12,1093.0
2021-11-24 09:56:43,CT,0.32,340.08
2021-11-24 09:56:43,CR,0.19,16.3
2021-11-24 09:56:44,US,0.16,147.72
2021-11-24 09:56:44,US,0.15,261.46
2021-11-24 09:56:55,US,0.35,65.58
2021-11-24 09:56:56,CR,0.28,11.82
2021-11-24 09:57:03,CT,0.35,390.56
2021-11-24 09:57:07,CR,0.1,25.87
2021-11-24 09:57:08,CR,0.12,17.32
2021-11-24 09:57:12,MR,0.28,192.31
2021-11-24 09:57:14,CT,0.32,372.08
2021-11-24 09:57:15,CR,0.23,30.5
2021-11-24 09:57:16,CR,0.28,13.37
2021-11-24 09:57:19,CT,0.16,812.77
2021-11-24 09:57:23,US,0.11,171.78
2021-11-24 09:57:27,CR,0.28,13.72
2021-11-24 09:57:28,MR,0.25,157.51
2021-11-24 09:57:28,US,0.15,179.1
2021-11-24 09:57:29,US,0.3,155.82
2021-11-24 09:57:30,CR,0.3,10.56
2021-11-24 09:57:31,CR,0.33,7.69
2021-11-24 09:57:33,MR,0.14,534.56
2021-11-24 09:57:35,CT,0.34,321.3
2021-11-24 09:57:36,US,0.11,163.68
2021-11-24 09:57:40,CR,0.16,26.05
2021-11-24 09:57:42,US,0.15,255.66
2021-11-24 09:57:43,US,0.1,172.41
2021-11-24 09:57:46,US,0.15,280.8
2021-11-24 09:57:46,CR,0.15,27.4
2021-11-24 09:57:51,CR,0.15,23.54
2021-11-24 09:57:52,CT,0.16,891.2
2021-11-24 09:57:56,CT,0.32,325.87
2021-11-24 09:57:56,CR,0.16,28.05
2021-11-24 09:57:57,CR,0.16,27.28
2021-11-24 09:57:59,CR,0.15,29.14
2021-11-24 09:58:00,US,0.11,292.7
2021-11-24 09:58:02,CR,0.31,11.2
2021-11-24 09:58:03,CR,0.18,20.05
2021-11-24 09:58:03,CT,0.18,482.67
2021-11-24 09:58:06,US,0.16,136.71
2021-11-24 09:58:07,CR,0.15,29.74
2021-11-24 09:58:09,US,0.21,279.45
2021-11-24 09:58:10,CR,0.15,27.71
2021-11-24 09:58:10,CR,0.28,12.53
2021-11-24 09:58:14,CR,0.19,30.04
2021-11-24 09:58:14,CR,0.18,16.03
2021-11-24 09:58:21,CR,0.15,26.49
2021-11-24 09:58:24,CT,0.18,527.57
2021-11-24 09:58:25,CT,0.2,647.27
2021-11-24 09:58:32,CR,0.31,11.5
2021-11-24 09:58:33,US,0.17,67.73
2021-11-24 09:58:33,CR,0.37,11.64
2021-11-24 09:58:33,CT,0.4,374.66
2021-11-24 09:58:37,CR,0.15,29.04
2021-11-24 09:58:38,CR,0.15,30.15
2021-11-24 09:58:39,CR,0.27,11.76
2021-11-24 09:58:40,CT,0.14,697.85
2021-11-24 09:58:41,CT,0.18,923.63
2021-11-24 09:58:43,CT,0.19,705.36
2021-11-24 09:58:48,CR,0.28,12.59
2021-11-24 09:58:49,CR,0.15,26.11
2021-11-24 09:58:50,CR,0.15,26.99
2021-11-24 09:58:52,MG,0.2,9.38
2021-11-24 09:58:55,CT,0.16,660.99
2021-11-24 09:58:55,CR,0.15,28.96
2021-11-24 09:58:59,CT,0.26,250.07
2021-11-24 09:59:01,US,0.18,299.4
2021-11-24 09:59:03,CR,0.15,29.98
2021-11-24 09:59:04,CR,0.16,24.46
2021-11-24 09:59:08,CR,0.31,12.95
2021-11-24 09:59:09,CR,0.32,11.27
2021-11-24 09:59:09,CR,0.29,11.8
2021-11-24 09:59:11,CR,0.27,15.8
2021-11-24 09:59:12,MG,0.19,11.68
2021-11-24 09:59:12,US,0.32,90.94
2021-11-24 09:59:16,CR,0.15,29.0
2021-11-24 09:59:18,CT,0.12,585.25
2021-11-24 09:59:20,CT,0.12,497.9
2021-11-24 09:59:21,MG,0.19,12.43
2021-11-24 09:59:22,US,0.35,86.39
2021-11-24 09:59:23,CR,0.21,26.25
2021-11-24 09:59:27,CR,0.33,9.03
2021-11-24 09:59:27,MR,0.15,311.08
2021-11-24 09:59:29,CT,0.37,354.13
2021-11-24 09:59:32,CR,0.16,22.66
2021-11-24 09:59:32,CT,0.22,602.54
2021-11-24 09:59:32,CT,0.17,569.31
2021-11-24 09:59:32,CR,0.46,7.87
2021-11-24 09:59:34,CR,0.16,22.87
2021-11-24 09:59:35,CR,0.16,23.34
2021-11-24 09:59:36,MG,0.39,11.15
2021-11-24 09:59:38,CT,0.1,679.16
2021-11-24 09:59:39,CR,0.2,27.29
2021-11-24 09:59:41,CR,0.26,13.7
2021-11-24 09:59:44,CR,0.27,15.46
2021-11-24 09:59:45,CR,0.16,25.07
2021-11-24 09:59:46,MG,0.2,9.54
2021-11-24 09:59:49,MG,0.2,10.68
2021-11-24 09:59:49,CT,0.32,285.56
2021-11-24 09:59:50,MG,0.2,10.38
2021-11-24 09:59:53,MG,0.22,11.54
2021-11-24 09:59:56,CR,0.15,30.0
2021-11-24 09:59:57,CR,0.32,15.49
2021-11-24 09:59:58,MR,0.09,492.22
2021-11-24 10:00:01,MG,0.33,5.36
2021-11-24 10:00:02,MG,0.19,12.32
2021-11-24 10:00:02,CR,0.15,31.12
2021-11-24 10:00:09,CR,0.36,10.84
2021-11-24 10:00:10,CT,0.37,343.74
2021-11-24 10:00:15,MG,0.27,8.84
2021-11-24 10:00:16,CT,0.36,282.49
2021-11-24 10:00:19,MG,0.24,12.13
2021-11-24 10:00:19,CR,0.17,24.05
2021-11-24 10:00:21,MR,0.16,542.22
2021-11-24 10:00:21,MR,0.09,451.41
2021-11-24 10:00:22,CR,0.19,24.64
2021-11-24 10:00:22,MG,0.32,10.41
2021-11-24 10:00:27,CR,0.15,28.81
2021-11-24 10:00:28,CR,0.24,17.65
2021-11-24 10:00:30,CR,0.27,14.43
2021-11-24 10:00:30,MR,0.27,256.75
2021-11-24 10:00:32,CR,0.15,29.34
2021-11-24 10:00:34,US,0.12,135.72
2021-11-24 10:00:35,US,0.14,59.3
2021-11-24 10:00:35,US,0.3,147.7
2021-11-24 10:00:36,MR,0.19,333.83
2021-11-24 10:00:41,MR,0.3,220.66
2021-11-24 10:00:42,CR,0.27,12.83
2021-11-24 10:00:47,CR,0.16,25.52
2021-11-24 10:00:48,CR,0.26,13.05
2021-11-24 10:00:51,CR,0.15,29.09
2021-11-24 10:00:53,CR,0.18,25.67
2021-11-24 10:00:54,MG,0.32,6.75
2021-11-24 10:00:56,CR,0.15,29.69
2021-11-24 10:00:56,CT,0.3,350.06
2021-11-24 10:00:57,CR,0.26,5.33
2021-11-24 10:00:57,CR,0.16,28.06
2021-11-24 10:00:59,CT,0.36,512.25
2021-11-24 10:01:00,CT,0.1,504.22
2021-11-24 10:01:00,US,0.14,270.07
2021-11-24 10:01:03,CR,0.16,26.56
2021-11-24 10:01:08,CR,0.15,1.36
2021-11-24 10:01:08,MG,0.34,4.01
2021-11-24 10:01:09,CR,0.41,7.63
2021-11-24 10:01:10,US,1.45,141.81
2021-11-24 10:01:11,MG,0.2,12.26
2021-11-24 10:01:12,MR,0.57,250.17
2021-11-24 10:01:14,CT,0.44,254.16
2021-11-24 10:01:21,CT,0.12,630.59
2021-11-24 10:01:22,CR,0.16,29.34
2021-11-24 10:01:23,CR,0.16,25.52
2021-11-24 10:01:25,CR,0.16,26.3
2021-11-24 10:01:27,CR,0.21,13.2
2021-11-24 10:01:30,CR,0.18,25.96
2021-11-24 10:01:34,US,0.16,293.5
2021-11-24 10:01:34,MG,0.29,6.91
2021-11-24 10:01:46,CR,0.15,18.12
2021-11-24 10:01:46,US,0.37,105.35
2021-11-24 10:01:51,CR,0.16,24.73
2021-11-24 10:01:53,CR,0.19,25.95
2021-11-24 10:01:54,CR,0.18,20.21
2021-11-24 10:01:56,MR,0.21,206.09
2021-11-24 10:02:00,MR,0.21,262.91
2021-11-24 10:02:02,MG,0.61,6.35
2021-11-24 10:02:02,MR,0.27,136.25
2021-11-24 10:02:07,US,0.23,59.92
2021-11-24 10:02:08,MG,0.26,6.96
2021-11-24 10:02:08,CT,0.28,639.13
2021-11-24 10:02:12,US,0.17,147.05
2021-11-24 10:02:14,CT,0.31,193.84
2021-11-24 10:02:15,CR,0.17,25.38
2021-11-24 10:02:16,CR,0.15,29.42
2021-11-24 10:02:17,CR,0.16,24.85
2021-11-24 10:02:19,MG,0.34,9.84
2021-11-24 10:02:20,CR,0.17,29.38
2021-11-24 10:02:21,CR,0.28,10.14
2021-11-24 10:02:22,CR,0.26,14.22
2021-11-24 10:02:26,US,0.18,155.26
2021-11-24 10:02:27,CR,0.15,29.16
2021-11-24 10:02:28,MR,0.15,356.73
2021-11-24 10:02:34,CT,0.18,512.48
2021-11-24 10:02:35,US,0.29,136.33
2021-11-24 10:02:36,CR,0.15,30.76
2021-11-24 10:02:36,CR,0.15,31.9
2021-11-24 10:02:39,CT,0.18,684.64
2021-11-24 10:02:43,CR,0.15,27.84
2021-11-24 10:02:45,CR,0.16,27.86
2021-11-24 10:02:46,CT,0.17,769.71
2021-11-24 10:02:46,CR,0.15,28.88
2021-11-24 10:02:47,CR,0.18,24.57
2021-11-24 10:02:51,CR,0.27,11.99
2021-11-24 10:02:53,CT,0.12,526.13
2021-11-24 10:02:54,CR,0.09,25.53
2021-11-24 10:02:59,CR,0.19,28.97
2021-11-24 10:03:01,US,0.22,142.97
2021-11-24 10:03:09,MG,0.32,10.19
2021-11-24 10:03:10,CT,0.1,657.82
2021-11-24 10:03:11,US,0.15,291.47
2021-11-24 10:03:14,CT,0.17,705.61
2021-11-24 10:03:15,CR,0.4,4.8
2021-11-24 10:03:16,CR,0.17,24.0
2021-11-24 10:03:16,US,0.18,252.17
2021-11-24 10:03:17,MR,0.16,359.08
2021-11-24 10:03:19,CT,0.22,587.17
2021-11-24 10:03:21,MG,0.17,12.22
2021-11-24 10:03:24,US,0.5,130.74
2021-11-24 10:03:25,MG,2.22,14.07
2021-11-24 10:03:25,CR,0.17,18.34
2021-11-24 10:03:27,US,0.15,296.11
2021-11-24 10:03:28,CR,0.32,12.81
2021-11-24 10:03:39,CR,0.15,27.57
2021-11-24 10:03:40,US,0.35,94.31
2021-11-24 10:03:42,CT,0.37,343.95
2021-11-24 10:03:42,US,0.18,294.46
2021-11-24 10:03:46,CT,0.24,335.88
2021-11-24 10:03:46,CT,0.13,794.32
2021-11-24 10:03:46,CT,0.21,440.52
2021-11-24 10:03:47,CT,0.22,308.67
2021-11-24 10:03:47,US,0.31,100.77
2021-11-24 10:03:47,CT,0.12,474.56
2021-11-24 10:03:48,US,0.37,74.8
2021-11-24 10:03:49,CR,0.22,24.72
2021-11-24 10:03:50,CT,0.35,348.67
2021-11-24 10:03:51,CR,0.2,16.72
2021-11-24 10:03:55,CR,0.3,12.8
2021-11-24 10:03:57,CT,0.25,605.62
2021-11-24 10:03:58,CR,0.15,28.33
2021-11-24 10:03:59,CR,0.16,27.11
2021-11-24 10:03:59,CR,0.15,27.92
2021-11-24 10:04:00,MR,0.13,315.84
2021-11-24 10:04:01,US,0.33,86.43
2021-11-24 10:04:01,MR,0.29,296.74
2021-11-24 10:04:04,CR,0.28,28.55
2021-11-24 10:04:06,MR,0.16,374.37
2021-11-24 10:04:06,CT,0.2,741.19
2021-11-24 10:04:08,CR,0.15,25.15
2021-11-24 10:04:09,CT,0.34,372.9
2021-11-24 10:04:11,CR,0.3,11.86
2021-11-24 10:04:11,CT,0.16,510.6
2021-11-24 10:04:15,CR,0.18,23.92
2021-11-24 10:04:19,CT,0.18,548.31
2021-11-24 10:04:19,US,0.16,140.61
2021-11-24 10:04:20,US,0.29,147.04
2021-11-24 10:04:21,MG,0.21,13.36
2021-11-24 10:04:23,CR,0.19,25.83
2021-11-24 10:04:23,CR,0.15,27.95
2021-11-24 10:04:25,US,0.3,87.44
2021-11-24 10:04:35,MR,0.13,452.46
2021-11-24 10:04:35,US,0.2,139.74
2021-11-24 10:04:37,CR,0.21,17.92
2021-11-24 10:04:37,US,0.31,150.77
2021-11-24 10:04:40,CR,0.16,25.57
2021-11-24 10:04:42,CR,0.15,28.52
2021-11-24 10:04:43,CT,0.27,235.66
2021-11-24 10:04:44,CR,0.09,24.11
2021-11-24 10:04:49,CR,0.16,29.41
2021-11-24 10:04:52,CR,0.15,29.43
2021-11-24 10:04:53,CR,0.15,29.2
2021-11-24 10:04:56,MR,0.22,1170.59
2021-11-24 10:04:57,US,0.09,302.49
2021-11-24 10:04:58,CR,0.21,29.59
2021-11-24 10:04:58,CR,0.29,11.81
2021-11-24 10:05:03,CR,0.32,11.35
2021-11-24 10:05:05,CT,0.19,509.34
2021-11-24 10:05:10,CR,0.16,22.42
2021-11-24 10:05:13,CR,0.16,25.69
2021-11-24 10:05:13,CR,0.16,16.83
2021-11-24 10:05:16,MG,0.2,8.63
2021-11-24 10:05:19,CR,0.15,28.47
2021-11-24 10:05:20,CR,0.29,12.65
2021-11-24 10:05:23,MR,0.12,130.76
2021-11-24 10:05:23,MG,0.13,10.94
2021-11-24 10:05:25,US,0.36,159.14
2021-11-24 10:05:26,CR,0.15,32.04
2021-11-24 10:05:27,CT,0.16,712.76
2021-11-24 10:05:28,CT,0.17,752.38
2021-11-24 10:05:29,CT,0.52,296.83
2021-11-24 10:05:31,CR,0.15,29.65
2021-11-24 10:05:35,CR,0.38,9.96
2021-11-24 10:05:36,CT,0.23,266.78
2021-11-24 10:05:37,CR,0.11,14.32
2021-11-24 10:05:40,US,0.17,142.18
2021-11-24 10:05:40,MG,0.43,11.91
2021-11-24 10:05:41,US,0.15,257.49
2021-11-24 10:05:47,MR,0.21,270.49
2021-11-24 10:05:47,CT,0.27,612.27
2021-11-24 10:05:49,US,0.35,64.39
2021-11-24 10:05:52,CT,0.29,656.28
2021-11-24 10:05:53,MR,0.41,153.93
2021-11-24 10:05:53,MG,0.2,12.74
2021-11-24 10:05:59,CT,0.07,1141.69
2021-11-24 10:06:01,CR,0.17,26.08
2021-11-24 10:06:04,CR,0.15,30.03
2021-11-24 10:06:10,CT,0.23,310.29
2021-11-24 10:06:10,MR,0.15,514.3
2021-11-24 10:06:14,CR,0.27,12.08
2021-11-24 10:06:16,CT,0.12,675.97
2021-11-24 10:06:17,CR,0.16,24.72
2021-11-24 10:06:22,MR,0.14,532.45
2021-11-24 10:06:22,CR,0.09,26.88
2021-11-24 10:06:22,CR,0.17,28.86
2021-11-24 10:06:23,CR,0.15,27.75
2021-11-24 10:06:24,CR,0.15,25.34
2021-11-24 10:06:25,CR,0.15,26.34
2021-11-24 10:06:27,CR,0.15,29.46
2021-11-24 10:06:33,CR,0.1,28.18
2021-11-24 10:06:34,CR,0.18,28.44
2021-11-24 10:06:36,CT,0.16,824.8
2021-11-24 10:06:37,CR,0.18,18.71
2021-11-24 10:06:37,CR,0.14,49.53
2021-11-24 10:06:38,MR,0.13,954.17
2021-11-24 10:06:41,US,0.16,256.5
2021-11-24 10:06:41,CR,0.15,29.54
2021-11-24 10:06:44,CR,1.59,29.96
2021-11-24 10:06:45,CR,0.28,12.21
2021-11-24 10:06:45,CR,0.3,11.65
2021-11-24 10:06:47,MG,0.31,6.28
2021-11-24 10:06:50,MG,0.33,6.12
2021-11-24 10:06:50,CT,0.16,786.48
2021-11-24 10:06:51,CR,0.29,8.25
2021-11-24 10:06:52,US,0.29,166.28
2021-11-24 10:06:57,CT,0.07,518.73
2021-11-24 10:07:00,CT,0.18,794.7
2021-11-24 10:07:01,US,0.15,164.14
2021-11-24 10:07:06,MG,0.33,5.71
2021-11-24 10:07:06,CR,0.16,25.81
2021-11-24 10:07:12,MR,0.12,358.55
2021-11-24 10:07:13,MG,0.23,10.78
2021-11-24 10:07:24,CR,0.15,29.2
2021-11-24 10:07:25,CR,0.19,21.99
2021-11-24 10:07:25,US,0.18,152.78
2021-11-24 10:07:26,CT,0.14,719.33
2021-11-24 10:07:28,CR,0.28,14.89
2021-11-24 10:07:31,CT,0.17,683.32
2021-11-24 10:07:32,CR,0.15,27.34
2021-11-24 10:07:39,MG,0.44,7.27
2021-11-24 10:07:41,CT,0.31,286.27
2021-11-24 10:07:41,CR,0.1,28.84
2021-11-24 10:07:44,CR,0.26,13.39
2021-11-24 10:07:45,CR,0.16,21.68
2021-11-24 10:07:46,CR,0.17,24.63
2021-11-24 10:07:48,CR,0.2,21.13
2021-11-24 10:07:49,MR,0.14,441.41
2021-11-24 10:07:49,CT,0.14,411.18
2021-11-24 10:07:50,US,0.3,190.24
2021-11-24 10:07:50,US,0.18,281.25
2021-11-24 10:07:51,CR,0.15,26.85
2021-11-24 10:07:57,CR,0.28,13.2
2021-11-24 10:07:58,CR,0.15,26.74
2021-11-24 10:07:58,CR,0.15,27.33
2021-11-24 10:07:59,CR,0.17,27.34
2021-11-24 10:08:01,MG,0.35,5.95
2021-11-24 10:08:01,MG,0.19,12.19
2021-11-24 10:08:01,CR,0.26,11.6
2021-11-24 10:08:02,CR,0.15,26.36
2021-11-24 10:08:02,MG,0.18,12.36
2021-11-24 10:08:03,MR,0.23,218.42
2021-11-24 10:08:06,CR,0.37,11.51
2021-11-24 10:08:09,CR,0.2,26.89
2021-11-24 10:08:09,CR,0.16,25.31
2021-11-24 10:08:10,CR,0.24,30.42
2021-11-24 10:08:12,CT,0.33,311.53
2021-11-24 10:08:16,CR,0.26,12.74
2021-11-24 10:08:18,MG,0.21,10.87
2021-11-24 10:08:21,CR,0.16,28.43
2021-11-24 10:08:21,CT,0.32,352.97
2021-11-24 10:08:31,CR,0.27,12.77
2021-11-24 10:08:35,MG,0.19,10.84
2021-11-24 10:08:39,MR,0.19,445.85
2021-11-24 10:08:41,CT,0.32,379.05
2021-11-24 10:08:44,MG,0.2,10.31
2021-11-24 10:08:48,CR,0.15,29.56
2021-11-24 10:08:48,CR,0.29,11.05
2021-11-24 10:08:49,CR,0.19,27.62
2021-11-24 10:08:50,CT,0.18,530.66
2021-11-24 10:08:51,CT,0.33,387.94
2021-11-24 10:08:54,MR,0.13,578.82
2021-11-24 10:08:57,US,0.15,314.07
2021-11-24 10:09:04,CR,0.18,30.0
2021-11-24 10:09:06,CR,0.33,14.01
2021-11-24 10:09:06,US,0.16,153.93
2021-11-24 10:09:06,US,0.3,149.36
2021-11-24 10:09:08,CR,0.16,25.31
2021-11-24 10:09:08,US,0.28,141.4
2021-11-24 10:09:10,MR,0.27,115.71
2021-11-24 10:09:10,MR,0.14,403.45
2021-11-24 10:09:10,CR,0.28,11.62
2021-11-24 10:09:11,CR,0.15,27.57
2021-11-24 10:09:11,MG,0.13,10.07
2021-11-24 10:09:12,MR,0.12,574.3
2021-11-24 10:09:13,CR,0.15,21.86
2021-11-24 10:09:13,US,0.31,139.09
2021-11-24 10:09:13,CT,0.18,553.59
2021-11-24 10:09:14,MR,0.13,388.61
2021-11-24 10:09:15,CR,0.16,26.34
2021-11-24 10:09:17,CR,0.16,24.81
2021-11-24 10:09:18,CT,0.18,731.22
2021-11-24 10:09:21,CR,0.22,29.69
2021-11-24 10:09:24,US,0.28,110.98
2021-11-24 10:09:24,CT,0.12,603.71
2021-11-24 10:09:26,US,0.39,73.55
2021-11-24 10:09:26,MG,0.4,6.95
2021-11-24 10:09:27,CT,0.45,209.79
2021-11-24 10:09:27,US,0.16,267.89
2021-11-24 10:09:30,CR,0.16,27.6
2021-11-24 10:09:33,CR,0.26,9.59
2021-11-24 10:09:33,CR,0.24,16.56
2021-11-24 10:09:33,CR,0.32,12.14
2021-11-24 10:09:34,CR,0.17,23.23
2021-11-24 10:09:35,MG,0.24,9.9
2021-11-24 10:09:38,MG,0.33,3.56
2021-11-24 10:09:41,MR,0.34,197.16
2021-11-24 10:09:42,MG,2.31,9.66
2021-11-24 10:09:43,US,0.16,164.15
2021-11-24 10:09:45,CR,0.3,14.65
2021-11-24 10:09:53,MG,0.38,10.43
2021-11-24 10:09:57,CT,0.13,529.89
2021-11-24 10:10:02,MG,0.24,7.61
2021-11-24 10:10:02,MG,0.21,4.76
2021-11-24 10:10:06,MG,0.18,11.64
2021-11-24 10:10:12,CR,0.15,27.05
2021-11-24 10:10:12,MG,0.33,6.29
2021-11-24 10:10:12,CR,0.18,18.95
2021-11-24 10:10:13,CR,0.17,22.15
2021-11-24 10:10:14,CR,0.15,28.77
2021-11-24 10:10:16,CR,0.17,20.82
2021-11-24 10:10:25,MG,0.21,11.18
2021-11-24 10:10:26,CR,0.31,12.97
2021-11-24 10:10:30,US,0.35,184.53
2021-11-24 10:10:31,CR,0.16,21.27
2021-11-24 10:10:31,CT,0.19,408.61
2021-11-24 10:10:32,CT,0.12,414.92
2021-11-24 10:10:32,CT,0.32,319.4
2021-11-24 10:10:34,CR,0.16,30.18
2021-11-24 10:10:35,CR,0.15,17.77
2021-11-24 10:10:36,CR,0.23,16.46
2021-11-24 10:10:37,CR,0.15,30.47
2021-11-24 10:10:37,CR,0.15,27.16
2021-11-24 10:10:40,US,0.16,143.84
2021-11-24 10:10:43,CT,0.12,545.3
2021-11-24 10:10:46,MR,0.13,335.96
2021-11-24 10:10:50,CT,0.32,427.99
2021-11-24 10:10:52,US,0.17,176.47
2021-11-24 10:10:53,CR,0.3,12.66
2021-11-24 10:10:54,CT,0.33,365.88
2021-11-24 10:10:54,CR,0.29,12.26
2021-11-24 10:10:57,CR,0.15,24.34
2021-11-24 10:10:57,CR,0.16,14.39
2021-11-24 10:10:58,US,0.16,163.42
2021-11-24 10:10:59,CT,0.37,378.95
2021-11-24 10:11:00,CR,0.15,25.92
2021-11-24 10:11:03,CR,0.16,26.4
2021-11-24 10:11:09,CR,0.17,25.11
2021-11-24 10:11:11,CR,0.15,30.19
2021-11-24 10:11:14,CR,0.15,26.84
2021-11-24 10:11:14,MG,0.32,6.21
2021-11-24 10:11:20,CT,1.04,322.38
2021-11-24 10:11:20,MG,0.39,10.82
2021-11-24 10:11:24,US,0.17,147.36
2021-11-24 10:11:25,CR,0.15,29.12
2021-11-24 10:11:25,CR,0.15,27.85
2021-11-24 10:11:27,US,0.16,164.01
2021-11-24 10:11:28,CR,0.28,12.61
2021-11-24 10:11:34,MG,0.18,12.05
2021-11-24 10:11:36,CT,0.26,108.86
2021-11-24 10:11:36,CT,0.18,682.6
2021-11-24 10:11:38,CR,0.17,29.9
2021-11-24 10:11:41,CR,0.19,21.82
2021-11-24 10:11:42,MR,0.12,581.46
2021-11-24 10:11:43,MG,0.29,8.41
2021-11-24 10:11:50,MR,0.14,424.21
2021-11-24 10:11:58,MG,0.19,12.15
2021-11-24 10:11:58,CT,0.25,327.33
2021-11-24 10:11:59,CR,0.15,26.63
2021-11-24 10:12:00,US,0.15,282.75
2021-11-24 10:12:00,US,0.32,146.24
2021-11-24 10:12:01,MG,0.23,4.3
2021-11-24 10:12:01,CT,0.24,317.29
2021-11-24 10:12:01,US,0.29,90.73
2021-11-24 10:12:01,CR,0.15,28.43
2021-11-24 10:12:05,CT,0.12,643.81
2021-11-24 10:12:09,US,0.16,161.88
2021-11-24 10:12:14,CR,0.2,29.68
2021-11-24 10:12:18,CR,0.15,28.51
2021-11-24 10:12:18,CR,0.15,30.42
2021-11-24 10:12:19,CR,0.15,30.33
2021-11-24 10:12:22,CR,0.17,23.45
2021-11-24 10:12:22,CT,0.32,284.31
2021-11-24 10:12:22,MG,0.34,7.02
2021-11-24 10:12:22,US,0.19,281.58
2021-11-24 10:12:24,CR,0.16,22.08
2021-11-24 10:12:24,CR,0.15,20.63
2021-11-24 10:12:28,US,0.15,293.47
2021-11-24 10:12:30,CR,0.15,26.61
2021-11-24 10:12:30,US,0.29,149.88
2021-11-24 10:12:33,MG,0.21,10.73
2021-11-24 10:12:33,CR,0.16,29.12
2021-11-24 10:12:34,CR,0.15,26.3
2021-11-24 10:12:35,US,0.16,167.78
2021-11-24 10:12:35,CR,0.27,12.83
2021-11-24 10:12:37,CR,0.18,27.64
2021-11-24 10:12:37,CT,0.34,344.9
2021-11-24 10:12:38,CT,0.23,402.16
2021-11-24 10:12:38,CR,0.16,24.09
2021-11-24 10:12:39,MR,0.14,363.35
2021-11-24 10:12:49,CR,0.19,27.24
2021-11-24 10:12:49,CR,0.27,13.12
2021-11-24 10:12:50,CR,0.34,13.66
2021-11-24 10:12:50,CR,0.15,24.05
2021-11-24 10:12:51,CR,0.15,25.36
2021-11-24 10:12:51,CR,0.25,16.44
2021-11-24 10:12:52,MG,0.37,5.72
2021-11-24 10:12:53,CR,0.39,9.65
2021-11-24 10:12:56,CT,0.16,504.47
2021-11-24 10:13:00,US,0.16,257.34
2021-11-24 10:13:03,US,0.15,243.67
2021-11-24 10:13:03,MG,0.19,11.6
2021-11-24 10:13:05,CR,0.18,23.76
2021-11-24 10:13:06,US,0.34,79.62
2021-11-24 10:13:06,CR,0.2,27.05
2021-11-24 10:13:06,MR,0.31,183.89
2021-11-24 10:13:08,MG,0.35,6.7
2021-11-24 10:13:13,CR,0.16,25.2
2021-11-24 10:13:18,CT,0.16,609.82
2021-11-24 10:13:24,CT,0.18,723.37
2021-11-24 10:13:26,CT,0.12,567.67
2021-11-24 10:13:26,CR,0.17,24.88
2021-11-24 10:13:27,US,0.16,297.54
2021-11-24 10:13:30,CR,0.34,9.35
2021-11-24 10:13:36,CR,0.18,26.49
2021-11-24 10:13:38,MR,0.17,507.17
2021-11-24 10:13:40,CT,0.17,702.85
2021-11-24 10:13:42,CT,0.21,818.49
2021-11-24 10:13:42,CR,0.32,12.59
2021-11-24 10:13:44,CT,0.22,416.72
2021-11-24 10:13:45,CR,0.15,28.87
2021-11-24 10:13:46,US,0.16,99.42
2021-11-24 10:13:48,CR,0.15,29.75
2021-11-24 10:13:49,MG,0.2,10.32
2021-11-24 10:13:49,CR,0.15,23.01
2021-11-24 10:13:54,CR,0.15,22.85
2021-11-24 10:13:55,US,0.16,158.07
2021-11-24 10:13:58,CR,0.16,25.61
2021-11-24 10:13:58,MR,0.15,374.87
2021-11-24 10:14:00,CR,0.15,29.19
2021-11-24 10:14:01,MG,0.19,11.92
2021-11-24 10:14:02,CR,0.17,24.94
2021-11-24 10:14:04,CR,0.28,15.05
2021-11-24 10:14:07,MR,0.27,269.22
2021-11-24 10:14:10,CR,0.16,25.89
2021-11-24 10:14:14,MR,0.17,375.58
2021-11-24 10:14:14,CR,0.26,10.65
2021-11-24 10:14:15,US,0.15,300.95
2021-11-24 10:14:15,CR,0.16,27.41
2021-11-24 10:14:15,CR,0.17,26.61
2021-11-24 10:14:16,MR,0.16,412.9
2021-11-24 10:14:16,CR,0.26,16.96
2021-11-24 10:14:17,MR,0.25,293.58
2021-11-24 10:14:18,CR,0.25,16.34
2021-11-24 10:14:22,CT,0.14,959.24
2021-11-24 10:14:30,MG,0.2,11.25
2021-11-24 10:14:30,CR,0.26,15.61
2021-11-24 10:14:37,CT,0.14,925.08
2021-11-24 10:14:37,CR,0.29,13.29
2021-11-24 10:14:38,CR,0.15,26.39
2021-11-24 10:14:42,MR,0.15,463.73
2021-11-24 10:14:44,CR,0.15,27.79
2021-11-24 10:14:49,CR,0.16,27.65
2021-11-24 10:14:49,MR,0.13,370.37
2021-11-24 10:14:51,CR,0.28,13.42
2021-11-24 10:14:51,CR,0.26,14.32
2021-11-24 10:14:52,US,0.3,92.46
2021-11-24 10:14:57,MG,0.33,5.6
2021-11-24 10:14:59,MG,0.18,9.52
2021-11-24 10:15:00,CT,0.16,755.77
2021-11-24 10:15:07,MG,0.2,10.6
2021-11-24 10:15:07,US,0.16,287.18
2021-11-24 10:15:08,MR,0.14,414.47
2021-11-24 10:15:09,CR,0.15,24.73
2021-11-24 10:15:14,MG,0.3,5.97
2021-11-24 10:15:14,CR,0.16,23.8
2021-11-24 10:15:15,US,0.36,75.89
2021-11-24 10:15:19,MG,0.19,12.05
2021-11-24 10:15:21,CT,0.15,281.29
2021-11-24 10:15:23,US,0.16,149.41
2021-11-24 10:15:23,MR,0.13,299.99
2021-11-24 10:15:26,US,0.3,84.6
2021-11-24 10:15:26,CR,0.42,12.87
2021-11-24 10:15:26,MR,0.12,494.54
2021-11-24 10:15:27,CT,0.32,259.44
2021-11-24 10:15:27,MR,0.14,450.1
2021-11-24 10:15:28,MR,0.28,80.35
2021-11-24 10:15:28,CR,0.31,11.6
2021-11-24 10:15:33,CT,0.35,517.48
2021-11-24 10:15:35,US,0.22,36.54
2021-11-24 10:15:39,CR,0.15,28.44
2021-11-24 10:15:39,CR,0.34,9.72
2021-11-24 10:15:39,CR,0.3,10.14
2021-11-24 10:15:40,US,0.31,90.84
2021-11-24 10:15:41,US,0.16,163.22
2021-11-24 10:15:42,CT,0.15,693.05
2021-11-24 10:15:46,CR,0.15,31.48
2021-11-24 10:15:47,MG,0.17,12.48
2021-11-24 10:15:52,CR,0.15,30.34
2021-11-24 10:15:55,CT,0.39,325.41
2021-11-24 10:15:55,MG,0.18,11.21
2021-11-24 10:15:56,MR,0.16,432.21
2021-11-24 10:15:56,MR,0.12,1050.86
2021-11-24 10:15:57,US,0.18,86.19
2021-11-24 10:15:57,CR,0.15,27.66
2021-11-24 10:15:59,CR,0.16,25.36
2021-11-24 10:16:03,MG,0.18,9.03
2021-11-24 10:16:04,CT,0.12,607.94
2021-11-24 10:16:06,CT,0.23,278.34
2021-11-24 10:16:08,CR,0.15,27.7
2021-11-24 10:16:09,CR,0.28,12.59
2021-11-24 10:16:13,CR,0.18,26.18
2021-11-24 10:16:15,CT,0.16,557.35
2021-11-24 10:16:17,MR,0.24,259.22
2021-11-24 10:16:17,MR,0.19,460.57
2021-11-24 10:16:18,CR,0.19,26.22
2021-11-24 10:16:18,CT,0.12,574.31
2021-11-24 10:16:24,CR,0.28,12.82
2021-11-24 10:16:27,CR,0.2,11.04
2021-11-24 10:16:29,CT,0.21,526.68
2021-11-24 10:16:30,MR,0.13,805.04
2021-11-24 10:16:33,CR,0.37,9.27
2021-11-24 10:16:34,MG,0.19,11.77
2021-11-24 10:16:34,CT,1.12,333.64
2021-11-24 10:16:39,CT,0.37,229.53
2021-11-24 10:16:44,MG,0.36,10.3
2021-11-24 10:16:44,CR,0.15,28.65
2021-11-24 10:16:50,CR,0.26,12.58
2021-11-24 10:16:52,CT,0.18,564.15
2021-11-24 10:16:53,CR,0.15,25.5
2021-11-24 10:17:01,US,0.15,259.5
2021-11-24 10:17:02,US,0.34,91.59
2021-11-24 10:17:02,CR,0.15,22.61
2021-11-24 10:17:03,CR,0.15,23.95
2021-11-24 10:17:03,US,0.16,92.61
2021-11-24 10:17:04,CR,0.27,11.94
2021-11-24 10:17:10,CR,0.22,21.72
2021-11-24 10:17:11,MG,0.19,10.29
2021-11-24 10:17:14,US,0.16,149.23
2021-11-24 10:17:16,CR,0.15,30.54
2021-11-24 10:17:21,CT,0.21,424.11
2021-11-24 10:17:21,CR,0.16,25.56
2021-11-24 10:17:22,CR,0.15,29.33
2021-11-24 10:17:24,CT,0.29,376.25
2021-11-24 10:17:24,CT,0.32,372.63
2021-11-24 10:17:25,CT,0.16,768.62
2021-11-24 10:17:26,CR,0.19,21.89
2021-11-24 10:17:29,CR,0.15,30.92
2021-11-24 10:17:32,US,0.15,212.67
2021-11-24 10:17:33,CR,0.17,25.04
2021-11-24 10:17:33,CT,0.17,685.34
2021-11-24 10:17:37,CT,0.16,698.19
2021-11-24 10:17:38,US,0.21,261.69
2021-11-24 10:17:39,CR,0.17,18.2
2021-11-24 10:17:40,CR,0.15,28.24
2021-11-24 10:17:42,CR,0.16,26.3
2021-11-24 10:17:42,MG,0.23,11.59
2021-11-24 10:17:46,MR,0.14,385.59
2021-11-24 10:17:48,CT,0.26,632.5
2021-11-24 10:17:52,MR,0.14,364.23
2021-11-24 10:17:56,CT,0.17,659.21
2021-11-24 10:17:57,CR,0.15,26.98
2021-11-24 10:18:02,CR,0.26,14.54
2021-11-24 10:18:03,MG,0.34,6.06
2021-11-24 10:18:07,MG,0.19,12.28
2021-11-24 10:18:11,CT,0.34,66.52
2021-11-24 10:18:13,CR,0.15,25.07
2021-11-24 10:18:15,CT,0.17,553.85
2021-11-24 10:18:17,CR,0.15,30.56
2021-11-24 10:18:17,MR,0.12,505.01
2021-11-24 10:18:20,CR,0.19,22.21
2021-11-24 10:18:22,MG,0.2,10.35
2021-11-24 10:18:24,CT,0.14,517.13
2021-11-24 10:18:27,CT,0.3,365.85
2021-11-24 10:18:28,CT,0.34,453.81
2021-11-24 10:18:29,MG,0.21,10.25
2021-11-24 10:18:31,MR,0.15,326.89
2021-11-24 10:18:32,CR,0.15,26.66
2021-11-24 10:18:33,CT,0.18,880.75
2021-11-24 10:18:35,CR,0.16,10.4
2021-11-24 10:18:38,CR,0.29,8.13
2021-11-24 10:18:40,MR,0.14,262.67
2021-11-24 10:18:41,CR,0.18,24.91
2021-11-24 10:18:42,CT,0.18,716.36
2021-11-24 10:18:43,CR,0.3,11.17
2021-11-24 10:18:45,CR,0.16,25.31
2021-11-24 10:18:48,CR,0.17,26.64
2021-11-24 10:18:48,MR,0.17,327.31
2021-11-24 10:18:49,CT,0.32,415.63
2021-11-24 10:18:50,CR,0.16,40.82
2021-11-24 10:18:50,MR,0.31,348.91
2021-11-24 10:18:50,MR,0.12,556.68
2021-11-24 10:18:50,CR,0.32,8.45
2021-11-24 10:18:52,CR,0.15,6.59
2021-11-24 10:18:52,CT,0.12,622.07
2021-11-24 10:18:54,MG,0.36,10.09
2021-11-24 10:18:54,CT,0.15,539.87
2021-11-24 10:18:57,CR,0.27,11.92
2021-11-24 10:19:00,CR,0.15,17.57
2021-11-24 10:19:03,CR,0.15,26.82
2021-11-24 10:19:04,CT,0.3,514.83
2021-11-24 10:19:04,CR,0.28,14.15
2021-11-24 10:19:05,MG,0.36,6.76
2021-11-24 10:19:05,US,0.16,101.53
2021-11-24 10:19:06,CR,0.33,11.64
2021-11-24 10:19:08,MR,0.27,187.33
2021-11-24 10:19:12,CR,0.2,24.39
2021-11-24 10:19:20,CR,0.17,25.63
2021-11-24 10:19:20,CR,0.17,25.31
2021-11-24 10:19:21,CR,0.15,28.4
2021-11-24 10:19:21,CR,0.27,11.2
2021-11-24 10:19:24,MR,0.24,229.09
2021-11-24 10:19:26,MG,0.32,11.04
2021-11-24 10:19:27,US,0.15,290.88
2021-11-24 10:19:28,CR,0.27,14.45
2021-11-24 10:19:37,CR,0.28,14.18
2021-11-24 10:19:41,CR,0.17,25.13
2021-11-24 10:19:41,CR,0.16,25.96
2021-11-24 10:19:44,CR,0.34,8.97
2021-11-24 10:19:46,CT,0.22,883.99
2021-11-24 10:19:54,CR,0.28,6.03
2021-11-24 10:19:57,MR,0.18,492.46
2021-11-24 10:19:57,MG,0.24,12.34
2021-11-24 10:19:58,CR,0.16,22.53
2021-11-24 10:19:59,CR,0.15,26.98
2021-11-24 10:20:01,CR,0.15,28.03
2021-11-24 10:20:04,US,0.33,151.06
2021-11-24 10:20:05,US,0.14,92.43
2021-11-24 10:20:07,CR,0.15,27.15
2021-11-24 10:20:09,US,0.15,258.79
2021-11-24 10:20:11,CT,0.18,679.44
2021-11-24 10:20:13,MR,0.3,118.68
2021-11-24 10:20:14,US,0.15,144.13
2021-11-24 10:20:15,MG,0.19,10.91
2021-11-24 10:20:17,US,0.15,239.47
2021-11-24 10:20:22,CR,0.26,12.87
2021-11-24 10:20:25,MR,0.25,407.41
2021-11-24 10:20:25,CT,0.31,324.31
2021-11-24 10:20:26,CR,0.27,11.88
2021-11-24 10:20:26,CT,0.34,521.43
2021-11-24 10:20:28,MR,0.13,390.66
2021-11-24 10:20:28,US,0.16,175.46
2021-11-24 10:20:29,MR,0.15,430.96
2021-11-24 10:20:32,US,0.15,248.78
2021-11-24 10:20:36,CT,0.16,536.33
2021-11-24 10:20:36,CR,0.18,27.2
2021-11-24 10:20:41,CT,0.37,341.16
2021-11-24 10:20:44,CR,0.16,25.73
2021-11-24 10:20:44,CR,0.15,25.57
2021-11-24 10:20:45,CT,0.12,236.04
2021-11-24 10:20:48,CT,0.17,501.76
2021-11-24 10:20:48,CT,0.15,453.07
2021-11-24 10:20:52,MG,0.18,12.52
2021-11-24 10:20:52,US,0.16,179.24
2021-11-24 10:20:56,CR,0.18,25.51
2021-11-24 10:20:58,CR,0.24,17.53
2021-11-24 10:21:02,CT,0.16,767.53
2021-11-24 10:21:05,CR,0.21,25.7
2021-11-24 10:21:06,CR,0.31,12.09
2021-11-24 10:21:07,MG,0.23,11.85
2021-11-24 10:21:07,CT,0.16,451.37
2021-11-24 10:21:09,CR,0.17,22.61
2021-11-24 10:21:10,CR,0.16,28.16
2021-11-24 10:21:17,MG,0.18,10.98
2021-11-24 10:21:19,CR,0.16,30.39
2021-11-24 10:21:19,CR,0.15,29.56
2021-11-24 10:21:22,US,0.15,268.76
2021-11-24 10:21:23,CR,0.15,26.22
2021-11-24 10:21:25,MG,0.36,10.9
2021-11-24 10:21:26,CT,0.16,776.26
2021-11-24 10:21:28,CR,0.34,11.95

2021-11-24 10:21:30,CR,0.32,11.97
2021-11-24 10:21:31,CR,0.16,28.23
2021-11-24 10:21:31,CR,0.16,24.34
2021-11-24 10:21:39,CR,0.16,29.69
2021-11-24 10:21:42,US,0.17,303.83
2021-11-24 10:21:42,CR,0.15,28.17
2021-11-24 10:21:46,CR,0.19,29.99
2021-11-24 10:21:48,US,0.3,148.27
2021-11-24 10:21:50,CR,0.28,12.78
2021-11-24 10:21:53,CT,0.12,569.65
2021-11-24 10:21:53,CT,0.18,856.97
2021-11-24 10:21:55,MR,0.27,418.19
2021-11-24 10:21:59,CR,0.27,12.4
2021-11-24 10:22:00,CR,0.16,25.63
2021-11-24 10:22:03,CR,0.17,24.69
2021-11-24 10:22:05,US,0.33,97.31
2021-11-24 10:22:08,CR,0.19,31.23
2021-11-24 10:22:08,CR,0.2,22.77
2021-11-24 10:22:13,CR,0.17,24.31
2021-11-24 10:22:14,CR,0.27,12.77
2021-11-24 10:22:17,CR,0.27,14.21
2021-11-24 10:22:19,US,0.2,122.96
2021-11-24 10:22:19,MG,0.2,12.22
2021-11-24 10:22:20,US,0.15,239.46
2021-11-24 10:22:23,MG,0.2,9.03
2021-11-24 10:22:30,US,0.16,137.06
2021-11-24 10:22:30,US,0.15,252.14
2021-11-24 10:22:30,MR,0.13,306.86
2021-11-24 10:22:31,MG,0.19,9.94
2021-11-24 10:22:33,CR,0.16,28.54
2021-11-24 10:22:33,US,0.16,176.51
2021-11-24 10:22:35,CT,0.16,600.05
2021-11-24 10:22:44,US,0.17,158.47
2021-11-24 10:22:44,CT,0.38,256.37
2021-11-24 10:22:45,CR,0.32,9.86
2021-11-24 10:22:48,US,0.17,132.54
2021-11-24 10:22:49,CR,0.18,24.6
2021-11-24 10:22:49,MG,0.47,4.89
2021-11-24 10:22:50,US,0.39,142.51
2021-11-24 10:22:50,MR,0.14,558.41
2021-11-24 10:22:51,MR,0.11,893.79
2021-11-24 10:22:51,CT,0.15,776.49
2021-11-24 10:22:53,US,0.16,170.95
2021-11-24 10:22:56,CR,0.33,11.72
2021-11-24 10:22:56,CR,0.33,11.12
2021-11-24 10:22:56,CT,0.16,687.96
2021-11-24 10:23:00,US,0.3,91.04
2021-11-24 10:23:03,MR,0.16,525.07
2021-11-24 10:23:04,CT,0.16,704.11
2021-11-24 10:23:07,CR,0.2,30.74
2021-11-24 10:23:10,US,0.15,296.54
2021-11-24 10:23:14,CT,0.14,539.11
2021-11-24 10:23:14,CR,0.28,13.24
2021-11-24 10:23:21,CR,0.19,27.16
2021-11-24 10:23:21,MR,0.15,219.67
2021-11-24 10:23:22,CR,0.36,8.31
2021-11-24 10:23:23,MR,0.15,581.95
2021-11-24 10:23:24,CR,0.33,12.1
2021-11-24 10:23:27,CR,0.15,27.81
2021-11-24 10:23:29,CR,0.34,10.71
2021-11-24 10:23:32,MR,0.3,230.86
2021-11-24 10:23:32,CR,0.15,6.57
2021-11-24 10:23:33,CR,0.17,27.96
2021-11-24 10:23:35,CT,0.2,504.24
2021-11-24 10:23:37,MR,0.2,447.21
2021-11-24 10:23:38,CR,0.57,23.07
2021-11-24 10:23:39,CR,0.18,16.08
2021-11-24 10:23:39,CT,0.12,219.08
2021-11-24 10:23:39,MG,0.35,6.16
2021-11-24 10:23:40,CR,0.33,12.22
2021-11-24 10:23:41,CR,0.15,26.05
2021-11-24 10:23:45,CT,0.26,228.93
2021-11-24 10:23:48,CR,0.17,25.54
2021-11-24 10:23:49,MG,0.19,12.52
2021-11-24 10:23:49,CR,0.15,29.52
2021-11-24 10:23:53,CT,0.31,496.02
2021-11-24 10:23:53,MG,0.18,12.99
2021-11-24 10:23:53,US,0.33,89.05
2021-11-24 10:23:54,MR,0.26,169.89
2021-11-24 10:23:54,MR,0.13,417.57
2021-11-24 10:23:56,CR,0.15,31.07
2021-11-24 10:23:58,US,0.37,85.5
2021-11-24 10:23:59,CT,0.16,643.07
2021-11-24 10:24:06,CR,0.15,17.62
2021-11-24 10:24:09,CR,0.15,29.42
2021-11-24 10:24:15,MG,0.31,6.88
2021-11-24 10:24:15,MG,0.4,7.05
2021-11-24 10:24:17,US,0.16,147.92
2021-11-24 10:24:17,MG,0.18,9.06
2021-11-24 10:24:17,US,0.19,131.69
2021-11-24 10:24:20,MR,0.13,845.52
2021-11-24 10:24:20,CT,0.15,684.37
2021-11-24 10:24:20,CR,0.16,29.77
2021-11-24 10:24:29,MG,0.19,12.59
2021-11-24 10:24:32,MG,0.3,7.08

2021-11-24 10:24:39,CR,0.17,15.25
2021-11-24 10:24:43,US,0.29,90.13
2021-11-24 10:24:45,CR,0.28,15.66
2021-11-24 10:24:48,MR,0.12,569.94
2021-11-24 10:24:49,CR,0.26,10.82
2021-11-24 10:24:49,MR,0.16,366.77
2021-11-24 10:24:51,CR,0.17,22.28
2021-11-24 10:24:54,MR,0.27,182.79
2021-11-24 10:24:55,US,0.39,88.34
2021-11-24 10:24:56,CR,0.17,25.39
2021-11-24 10:24:58,US,0.16,143.53
2021-11-24 10:25:03,MG,0.22,12.1
2021-11-24 10:25:04,CR,0.18,22.13
2021-11-24 10:25:05,CT,0.16,642.45
2021-11-24 10:25:05,CT,0.17,826.63
2021-11-24 10:25:05,CT,0.21,272.99
2021-11-24 10:25:06,CR,0.28,14.92
2021-11-24 10:25:10,CR,0.28,14.05
2021-11-24 10:25:14,CT,0.17,683.58
2021-11-24 10:25:16,US,0.15,279.9
2021-11-24 10:25:18,MG,0.37,11.11
2021-11-24 10:25:20,CR,0.15,16.52
2021-11-24 10:25:30,CT,0.19,775.76
2021-11-24 10:25:31,CR,0.16,20.86
2021-11-24 10:25:34,CT,0.16,637.84
2021-11-24 10:25:40,MG,0.34,10.35
2021-11-24 10:25:43,CR,0.16,16.81
2021-11-24 10:25:47,US,0.29,92.61
2021-11-24 10:25:47,CR,0.3,14.67
2021-11-24 10:25:49,MR,0.65,290.94
2021-11-24 10:25:51,CR,0.35,11.34
2021-11-24 10:25:52,MG,0.48,5.08
2021-11-24 10:25:54,CR,0.28,11.54
2021-11-24 10:25:54,MG,0.24,11.68
2021-11-24 10:25:55,MR,0.15,617.78
2021-11-24 10:25:55,MG,0.19,10.19
2021-11-24 10:25:56,MR,0.13,426.85
2021-11-24 10:25:58,CR,0.31,12.12
2021-11-24 10:26:00,MR,0.13,359.85
2021-11-24 10:26:03,CR,0.16,27.33
2021-11-24 10:26:05,CR,0.27,9.5
2021-11-24 10:26:09,MR,0.28,209.76
2021-11-24 10:26:10,CT,0.16,696.16
2021-11-24 10:26:10,CT,0.17,609.5
2021-11-24 10:26:12,CT,0.12,212.71
2021-11-24 10:26:13,CR,0.17,20.09
2021-11-24 10:26:14,CR,0.23,15.33
2021-11-24 10:26:14,CT,0.16,669.65
2021-11-24 10:26:15,MG,0.31,7.46
2021-11-24 10:26:15,CT,0.19,513.03
2021-11-24 10:26:16,CT,0.33,265.66
2021-11-24 10:26:18,CT,0.17,693.29
2021-11-24 10:26:22,US,0.15,244.65
2021-11-24 10:26:24,MG,0.2,11.08
2021-11-24 10:26:24,CR,0.26,13.63
2021-11-24 10:26:28,MR,0.14,313.28
2021-11-24 10:26:31,CT,0.15,294.13
2021-11-24 10:26:32,US,0.16,135.18
2021-11-24 10:26:32,US,0.29,140.87
2021-11-24 10:26:34,CR,0.17,28.01
2021-11-24 10:26:37,MG,0.26,11.92
2021-11-24 10:26:37,MR,0.14,429.8
2021-11-24 10:26:45,US,0.29,87.25
2021-11-24 10:26:45,MG,0.2,10.76
2021-11-24 10:26:47,CR,0.2,20.75
2021-11-24 10:26:54,CT,0.32,325.7
2021-11-24 10:26:55,CR,0.15,30.18
2021-11-24 10:26:57,MG,0.25,11.47
2021-11-24 10:26:58,US,0.3,131.91
2021-11-24 10:27:07,CT,0.31,258.76
2021-11-24 10:27:09,US,0.32,135.34
2021-11-24 10:27:11,CR,0.16,14.92
2021-11-24 10:27:13,CT,0.12,410.24
2021-11-24 10:27:15,CR,0.3,10.04
2021-11-24 10:27:18,CR,0.2,19.63
2021-11-24 10:27:18,CR,0.51,9.72
2021-11-24 10:27:20,CR,1.2,15.07
2021-11-24 10:27:21,US,0.82,109.84
2021-11-24 10:27:22,MG,0.34,10.07
2021-11-24 10:27:22,MR,0.12,656.41
2021-11-24 10:27:24,CT,0.43,452.78
2021-11-24 10:27:28,CR,0.31,2.47
2021-11-24 10:27:29,MR,7.21,92.16
2021-11-24 10:27:32,US,0.31,139.37
2021-11-24 10:27:35,MG,0.51,8.18
2021-11-24 10:27:36,MG,0.2,10.64
2021-11-24 10:27:38,CR,0.3,12.81
2021-11-24 10:27:39,CR,0.31,12.71
2021-11-24 10:27:39,MG,0.19,11.74
2021-11-24 10:27:41,CR,0.16,30.42
2021-11-24 10:27:41,CT,0.18,418.84
2021-11-24 10:27:42,MR,0.16,364.77
2021-11-24 10:27:43,MG,0.33,5.42
2021-11-24 10:27:44,CR,0.3,11.87
2021-11-24 10:27:48,CR,0.3,14.64
2021-11-24 10:27:54,CT,0.32,381.55
2021-11-24 10:27:57,MR,0.15,529.69
2021-11-24 10:27:58,MR,0.32,165.35
2021-11-24 10:27:58,CR,0.15,27.58
2021-11-24 10:28:01,CT,0.16,424.8
2021-11-24 10:28:07,CT,0.11,165.33
2021-11-24 10:28:08,CR,0.15,24.87
2021-11-24 10:28:11,CR,0.29,11.64
2021-11-24 10:28:14,CR,0.32,13.39
2021-11-24 10:28:14,US,0.31,142.0
2021-11-24 10:28:15,CR,0.15,27.16
2021-11-24 10:28:18,CR,0.16,26.96
2021-11-24 10:28:19,CR,0.35,14.26
2021-11-24 10:28:20,MR,0.3,206.31
2021-11-24 10:28:24,US,0.87,233.44
2021-11-24 10:28:27,CR,0.16,20.73
2021-11-24 10:28:30,MG,0.19,9.82
2021-11-24 10:28:37,CT,0.85,515.18
2021-11-24 10:28:39,US,0.15,308.37
2021-11-24 10:28:40,CR,0.15,27.09
2021-11-24 10:28:40,MG,0.21,12.61
2021-11-24 10:28:41,MG,0.19,11.08
2021-11-24 10:28:42,CR,0.15,29.89
2021-11-24 10:28:42,CR,0.15,27.97
2021-11-24 10:28:42,CR,0.26,12.54
2021-11-24 10:28:44,CR,0.16,27.28
2021-11-24 10:28:53,CT,0.31,348.31
2021-11-24 10:29:01,MR,0.29,226.23
2021-11-24 10:29:03,CT,0.18,533.79
2021-11-24 10:29:03,US,0.16,172.47
2021-11-24 10:29:04,MG,0.34,5.93
2021-11-24 10:29:06,MR,0.11,458.68
2021-11-24 10:29:06,CT,0.19,575.85
2021-11-24 10:29:08,CR,0.15,26.43
2021-11-24 10:29:10,US,0.15,156.87
2021-11-24 10:29:13,CR,0.37,13.81
2021-11-24 10:29:13,MG,0.22,11.36
2021-11-24 10:29:13,CT,0.13,562.11
2021-11-24 10:29:16,CR,0.15,28.48
2021-11-24 10:29:17,CR,0.26,13.91
2021-11-24 10:29:19,CR,0.28,12.65
2021-11-24 10:29:20,US,0.18,231.13
2021-11-24 10:29:20,MR,0.15,474.01
2021-11-24 10:29:22,CT,0.18,495.81
2021-11-24 10:29:23,MG,0.34,2.77
2021-11-24 10:29:23,CR,0.15,16.37
2021-11-24 10:29:25,CR,0.31,12.22
2021-11-24 10:29:33,CR,0.33,11.37
2021-11-24 10:29:34,CR,0.16,17.75
2021-11-24 10:29:36,CR,0.33,13.04
2021-11-24 10:29:39,MG,0.18,10.68
2021-11-24 10:29:39,CR,0.18,31.68
2021-11-24 10:29:41,CT,0.16,644.17
2021-11-24 10:29:43,US,0.15,303.26
2021-11-24 10:29:44,CR,0.16,26.76
2021-11-24 10:29:44,MG,0.19,13.15
2021-11-24 10:29:47,US,0.41,78.95
2021-11-24 10:29:48,CR,0.16,29.51
2021-11-24 10:29:52,MG,0.2,9.98
2021-11-24 10:29:52,CR,0.15,31.32
2021-11-24 10:29:56,CR,0.18,21.02
2021-11-24 10:29:57,MR,0.13,384.38
2021-11-24 10:30:01,CR,0.15,28.98
2021-11-24 10:30:02,US,0.16,167.96
2021-11-24 10:30:05,US,0.15,259.59
2021-11-24 10:30:07,CT,0.37,357.38
2021-11-24 10:30:07,US,0.2,174.47
2021-11-24 10:30:07,CT,0.18,655.13
2021-11-24 10:30:09,CR,0.18,29.16
2021-11-24 10:30:10,CT,0.17,702.32
2021-11-24 10:30:10,MR,0.29,173.99
2021-11-24 10:30:22,CR,0.26,13.63
2021-11-24 10:30:22,CT,0.21,118.05
2021-11-24 10:30:30,MR,0.18,345.18
2021-11-24 10:30:30,MG,0.19,12.84
2021-11-24 10:30:30,MG,0.44,6.29
2021-11-24 10:30:33,CT,0.35,374.92
2021-11-24 10:30:34,MG,0.21,10.4
2021-11-24 10:30:38,CT,0.31,257.41
2021-11-24 10:30:41,US,0.34,282.06
2021-11-24 10:30:41,CR,0.17,27.27
2021-11-24 10:30:43,MG,0.2,14.37
2021-11-24 10:30:45,CT,0.17,639.02
2021-11-24 10:30:45,US,0.18,156.14
2021-11-24 10:30:47,CR,0.49,8.62
2021-11-24 10:30:47,MG,0.51,5.57
2021-11-24 10:30:48,US,0.15,223.59
2021-11-24 10:30:49,CR,0.15,27.73
2021-11-24 10:30:50,MG,0.34,10.88
2021-11-24 10:30:54,CR,0.16,26.13
2021-11-24 10:30:54,CR,0.17,30.42
2021-11-24 10:30:57,CR,0.16,22.91
2021-11-24 10:30:58,CR,0.15,29.31
2021-11-24 10:30:58,MG,0.41,5.43
2021-11-24 10:30:58,CR,0.15,30.32
2021-11-24 10:30:59,CR,0.19,16.18
2021-11-24 10:31:00,CR,0.16,22.2
2021-11-24 10:31:02,CT,0.17,492.6
2021-11-24 10:31:03,CR,0.15,25.71
2021-11-24 10:31:04,CT,0.18,515.66
2021-11-24 10:31:06,CR,0.16,13.51
2021-11-24 10:31:07,CR,0.31,12.8
2021-11-24 10:31:08,CT,0.11,217.17
2021-11-24 10:31:13,MR,0.19,436.91
2021-11-24 10:31:17,US,0.16,290.06
2021-11-24 10:31:21,US,0.15,305.33
2021-11-24 10:31:21,CR,0.15,29.81
2021-11-24 10:31:23,US,0.31,86.71
2021-11-24 10:31:26,MR,0.19,426.31
2021-11-24 10:31:35,US,0.23,62.89
2021-11-24 10:31:35,MR,0.17,332.02
2021-11-24 10:31:37,CR,0.3,9.46
2021-11-24 10:31:39,CR,0.27,12.06
2021-11-24 10:31:39,MG,0.21,12.47
2021-11-24 10:31:39,CT,0.18,708.18
2021-11-24 10:31:39,CT,0.16,665.55
2021-11-24 10:31:40,CR,0.15,27.42
2021-11-24 10:31:42,MG,0.18,12.12
2021-11-24 10:31:45,CR,0.16,23.67
2021-11-24 10:31:46,CR,0.15,29.32
2021-11-24 10:31:51,MR,0.27,265.56
2021-11-24 10:31:54,US,0.16,138.78
2021-11-24 10:31:55,CR,0.15,28.73
2021-11-24 10:32:04,US,0.15,268.25
2021-11-24 10:32:05,CR,0.17,21.42
2021-11-24 10:32:06,CT,0.16,500.78
2021-11-24 10:32:09,MR,0.28,266.25
2021-11-24 10:32:11,CR,0.16,30.77
2021-11-24 10:32:18,CR,0.16,24.46
2021-11-24 10:32:19,CR,0.22,19.36
2021-11-24 10:32:20,CT,0.19,402.69
2021-11-24 10:32:22,CR,0.27,11.54
2021-11-24 10:32:22,CR,0.17,26.55
2021-11-24 10:32:23,CT,0.18,478.97
2021-11-24 10:32:24,CR,0.24,13.87
2021-11-24 10:32:25,CR,0.18,15.31
2021-11-24 10:32:26,US,0.32,136.0
2021-11-24 10:32:28,CR,0.2,22.17
2021-11-24 10:32:29,US,0.32,164.91
2021-11-24 10:32:29,US,0.21,229.05
2021-11-24 10:32:30,MR,0.17,977.36
2021-11-24 10:32:31,MG,0.21,10.94
2021-11-24 10:32:31,CR,0.17,23.56
2021-11-24 10:32:32,US,0.17,292.44
2021-11-24 10:32:34,CT,0.3,477.25
2021-11-24 10:32:35,MG,0.2,11.57
2021-11-24 10:32:37,CR,0.25,15.31
2021-11-24 10:32:38,MG,0.36,6.42
2021-11-24 10:32:45,CT,0.17,643.76
2021-11-24 10:32:46,CR,0.2,30.02
2021-11-24 10:32:46,CT,0.18,572.36
2021-11-24 10:32:47,CR,0.16,24.82
2021-11-24 10:32:49,MG,0.33,6.22
2021-11-24 10:33:01,CR,0.31,12.83
2021-11-24 10:33:04,MG,0.19,10.59
2021-11-24 10:33:04,US,0.34,91.47
2021-11-24 10:33:06,US,0.28,90.07
2021-11-24 10:33:07,CR,0.16,22.63
2021-11-24 10:33:08,CT,0.16,569.06
2021-11-24 10:33:08,CR,0.16,24.83
2021-11-24 10:33:11,CT,0.19,627.31
2021-11-24 10:33:11,MG,0.21,10.79
2021-11-24 10:33:11,CT,0.16,828.52
2021-11-24 10:33:17,US,0.31,84.72
2021-11-24 10:33:18,CR,0.15,30.47
2021-11-24 10:33:21,CT,0.16,442.6
2021-11-24 10:33:21,CR,0.15,27.1
2021-11-24 10:33:26,MG,0.18,11.68
2021-11-24 10:33:26,MG,0.19,12.21
2021-11-24 10:33:29,CR,0.16,29.57
2021-11-24 10:33:30,US,0.15,313.89
2021-11-24 10:33:31,CR,0.43,12.53
2021-11-24 10:33:32,CR,0.4,11.68
2021-11-24 10:33:34,CR,0.15,25.96
2021-11-24 10:33:35,CT,0.11,518.43
2021-11-24 10:33:42,CR,0.16,26.55
2021-11-24 10:33:43,US,0.34,216.05
2021-11-24 10:33:47,CR,0.31,11.59
2021-11-24 10:33:48,MR,0.14,462.72
2021-11-24 10:33:48,CR,0.18,27.38
2021-11-24 10:33:51,CT,0.17,609.33
2021-11-24 10:33:53,CT,0.17,763.63
2021-11-24 10:33:54,CR,0.15,30.31
2021-11-24 10:33:54,CR,0.27,14.68
2021-11-24 10:33:56,CT,0.16,669.68
2021-11-24 10:33:56,MG,0.36,6.81
2021-11-24 10:33:58,US,0.16,96.36
2021-11-24 10:34:01,US,0.37,69.26
2021-11-24 10:34:01,CR,0.15,30.04
2021-11-24 10:34:07,MG,0.31,6.03
2021-11-24 10:34:07,CR,0.15,25.21
2021-11-24 10:34:10,CR,0.15,27.23
2021-11-24 10:34:11,CR,0.16,25.53
2021-11-24 10:34:12,CT,0.34,409.1
2021-11-24 10:34:12,US,0.19,286.1
2021-11-24 10:34:13,CR,0.16,25.61
2021-11-24 10:34:14,CR,0.15,24.49
2021-11-24 10:34:19,CT,0.2,433.37
2021-11-24 10:34:22,CT,0.13,725.35
2021-11-24 10:34:26,US,0.16,266.59
2021-11-24 10:34:27,CR,0.15,28.03
2021-11-24 10:34:31,CR,0.14,27.06
2021-11-24 10:34:33,US,0.32,52.76
2021-11-24 10:34:33,MG,0.33,6.39
2021-11-24 10:34:38,CT,0.16,820.49
2021-11-24 10:34:38,CR,0.15,26.87
2021-11-24 10:34:44,CT,0.16,437.21
2021-11-24 10:34:46,CT,0.17,680.4
2021-11-24 10:34:46,CR,0.29,12.38
2021-11-24 10:34:46,MG,0.18,11.46
2021-11-24 10:34:48,CR,0.18,18.06
2021-11-24 10:34:51,US,0.31,94.48
2021-11-24 10:34:52,MG,0.25,12.77
2021-11-24 10:34:55,MR,0.12,558.2
2021-11-24 10:34:56,CR,0.29,11.9

2021-11-24 10:34:58,US,0.17,93.12
2021-11-24 10:34:59,CR,0.15,29.11
2021-11-24 10:35:01,MG,0.31,5.88
2021-11-24 10:35:03,CR,0.16,27.87
2021-11-24 10:35:07,CR,0.3,11.17
2021-11-24 10:35:07,CR,0.25,12.97
2021-11-24 10:35:07,MR,0.16,508.48
2021-11-24 10:35:11,CR,0.33,12.72
2021-11-24 10:35:13,CR,0.3,11.64
2021-11-24 10:35:16,MG,0.19,12.38
2021-11-24 10:35:19,US,0.18,248.48
2021-11-24 10:35:20,CT,0.12,643.86
2021-11-24 10:35:20,US,0.33,139.23
2021-11-24 10:35:26,CT,0.16,789.1
2021-11-24 10:35:28,CT,0.16,673.73
2021-11-24 10:35:31,CR,0.18,21.78
2021-11-24 10:35:32,MR,0.33,197.83
2021-11-24 10:35:33,CR,0.19,23.8
2021-11-24 10:35:34,CR,0.2,18.01
2021-11-24 10:35:34,MG,0.22,11.52
2021-11-24 10:35:36,US,0.19,255.41
2021-11-24 10:35:37,CR,0.3,12.18
2021-11-24 10:35:38,CR,0.3,8.15
2021-11-24 10:35:47,CR,0.15,26.26
2021-11-24 10:35:50,CR,0.16,26.2
2021-11-24 10:35:51,CR,0.2,25.05
2021-11-24 10:35:52,MG,0.22,11.99
2021-11-24 10:35:54,CT,0.22,484.93
2021-11-24 10:35:54,CT,0.16,671.64
2021-11-24 10:35:54,MG,0.2,12.08
2021-11-24 10:35:56,US,0.14,305.51
2021-11-24 10:35:56,CR,0.15,24.91
2021-11-24 10:35:58,CT,0.29,329.13
2021-11-24 10:35:58,MR,0.39,175.09
2021-11-24 10:35:59,CR,0.15,30.43
2021-11-24 10:36:02,CR,0.3,12.54
2021-11-24 10:36:02,CR,0.15,28.8
2021-11-24 10:36:03,MG,0.21,11.02
2021-11-24 10:36:09,MG,0.2,13.14
2021-11-24 10:36:10,CR,0.15,28.18
2021-11-24 10:36:12,MR,0.11,576.39
2021-11-24 10:36:13,CR,0.16,26.6
2021-11-24 10:36:21,US,0.15,263.66
2021-11-24 10:36:22,CT,0.16,382.54
2021-11-24 10:36:23,MG,0.18,12.04
2021-11-24 10:36:26,CR,0.18,25.33
2021-11-24 10:36:29,CR,0.16,16.42
2021-11-24 10:36:29,CT,0.27,694.98
2021-11-24 10:36:29,US,0.23,113.29
2021-11-24 10:36:30,CT,0.14,509.22
2021-11-24 10:36:31,CR,0.27,27.03
2021-11-24 10:36:32,US,0.17,141.47
2021-11-24 10:36:32,CR,0.23,15.82
2021-11-24 10:36:37,CR,0.25,15.98
2021-11-24 10:36:37,US,0.29,142.29
2021-11-24 10:36:37,MG,1.58,8.49
2021-11-24 10:36:43,US,0.59,75.74
2021-11-24 10:36:50,CR,0.25,11.91
2021-11-24 10:36:52,MG,0.18,5.03
2021-11-24 10:36:54,CR,0.15,31.11
2021-11-24 10:36:56,MR,0.17,418.17
2021-11-24 10:36:57,CR,0.27,11.84
2021-11-24 10:36:58,CR,0.23,16.4
2021-11-24 10:37:03,US,0.37,90.7
2021-11-24 10:37:04,MR,0.17,463.33
2021-11-24 10:37:05,US,0.39,63.93
2021-11-24 10:37:06,CT,0.32,312.12
2021-11-24 10:37:07,CR,0.15,29.68
2021-11-24 10:37:11,CR,0.29,12.68
2021-11-24 10:37:12,MG,0.28,5.83
2021-11-24 10:37:12,CR,0.16,26.93
2021-11-24 10:37:15,MR,0.14,525.35
2021-11-24 10:37:18,CT,0.12,575.49
2021-11-24 10:37:21,CR,0.31,11.46
2021-11-24 10:37:22,US,0.36,70.71
2021-11-24 10:37:22,CT,0.13,726.78
2021-11-24 10:37:24,US,0.16,119.52
2021-11-24 10:37:26,US,0.16,172.91
2021-11-24 10:37:27,CR,0.31,12.16
2021-11-24 10:37:27,CT,0.19,654.92
2021-11-24 10:37:32,US,0.33,161.82
2021-11-24 10:37:34,CT,0.28,363.7
2021-11-24 10:37:36,MG,0.36,6.29
2021-11-24 10:37:36,CR,0.3,11.57
2021-11-24 10:37:39,MR,0.14,441.31
2021-11-24 10:37:46,CT,0.17,578.4
2021-11-24 10:37:48,CR,0.15,26.47
2021-11-24 10:37:50,CR,0.28,11.46
2021-11-24 10:37:53,MR,0.24,310.61
2021-11-24 10:37:55,US,0.24,143.95
2021-11-24 10:37:55,CR,0.16,25.43
2021-11-24 10:37:56,CR,0.15,27.15
2021-11-24 10:37:57,CR,0.16,26.89
2021-11-24 10:37:58,US,0.17,247.0
2021-11-24 10:37:59,US,0.35,86.45
2021-11-24 10:38:02,MG,0.18,12.29
2021-11-24 10:38:09,CR,0.28,12.62
2021-11-24 10:38:10,CR,0.27,11.2
2021-11-24 10:38:12,US,0.15,241.67
2021-11-24 10:38:15,US,0.18,271.71
2021-11-24 10:38:17,CT,0.23,297.28
2021-11-24 10:38:17,US,0.24,255.91
2021-11-24 10:38:18,CR,0.17,21.73
2021-11-24 10:38:20,CT,0.16,725.34
2021-11-24 10:38:22,CR,0.15,29.19
2021-11-24 10:38:23,CR,0.17,20.47
2021-11-24 10:38:26,CT,0.35,305.54
2021-11-24 10:38:27,CT,0.2,563.05
2021-11-24 10:38:32,CR,0.25,12.44
2021-11-24 10:38:32,MG,0.41,6.86
2021-11-24 10:38:33,MR,0.28,246.54
2021-11-24 10:38:35,CR,0.18,24.93
2021-11-24 10:38:36,MR,0.18,541.55
2021-11-24 10:38:36,US,0.17,175.79
2021-11-24 10:38:36,CR,0.15,29.32
2021-11-24 10:38:41,MR,0.16,480.08
2021-11-24 10:38:43,CR,0.15,24.83
2021-11-24 10:38:45,CR,0.18,23.49
2021-11-24 10:38:46,US,0.42,177.16
2021-11-24 10:38:48,CT,0.23,289.78
2021-11-24 10:38:51,CR,0.15,30.78
2021-11-24 10:38:56,CR,0.17,27.91
2021-11-24 10:38:59,CR,0.3,13.11
2021-11-24 10:38:59,CR,0.15,24.44
2021-11-24 10:39:00,CR,0.15,31.94
2021-11-24 10:39:01,CT,0.17,423.12
2021-11-24 10:39:13,CT,0.12,484.37
2021-11-24 10:39:14,CR,0.15,30.46
2021-11-24 10:39:17,US,0.15,211.34
2021-11-24 10:39:17,MG,0.23,3.63
2021-11-24 10:39:18,CT,0.29,305.22
2021-11-24 10:39:19,CR,0.27,12.25
2021-11-24 10:39:20,CT,0.18,865.28
2021-11-24 10:39:20,CR,0.31,11.46
2021-11-24 10:39:21,CR,0.33,10.89
2021-11-24 10:39:21,CR,0.16,23.23
2021-11-24 10:39:22,CT,0.19,673.28
2021-11-24 10:39:23,CR,0.33,6.95
2021-11-24 10:39:28,CR,1.27,12.47
2021-11-24 10:39:34,CR,0.18,22.2
2021-11-24 10:39:34,CT,0.16,707.28
2021-11-24 10:39:35,CR,0.17,26.07
2021-11-24 10:39:36,CR,0.15,26.84
2021-11-24 10:39:38,CT,0.16,504.69
2021-11-24 10:39:44,CR,0.3,13.27
2021-11-24 10:39:44,CT,0.16,710.28
2021-11-24 10:39:46,CR,0.21,18.98
2021-11-24 10:39:48,MR,0.13,434.54
2021-11-24 10:39:48,US,0.19,137.9
2021-11-24 10:39:49,MG,0.21,7.69
2021-11-24 10:39:54,CR,0.34,8.63
2021-11-24 10:39:56,CR,0.31,6.52
2021-11-24 10:39:57,US,0.15,281.84
2021-11-24 10:39:59,CR,0.16,28.53
2021-11-24 10:40:02,MG,0.2,12.6
2021-11-24 10:40:02,US,0.17,228.39
2021-11-24 10:40:03,CT,0.37,252.55
2021-11-24 10:40:03,CT,0.2,608.52
2021-11-24 10:40:04,CT,0.18,564.04
2021-11-24 10:40:07,MR,0.16,729.97
2021-11-24 10:40:08,CR,0.28,12.25
2021-11-24 10:40:09,US,0.19,39.32
2021-11-24 10:40:10,MR,0.13,314.35
2021-11-24 10:40:12,CT,0.16,551.5
2021-11-24 10:40:16,CT,0.31,224.24
2021-11-24 10:40:21,MG,0.18,11.85
2021-11-24 10:40:21,MR,0.15,388.05
2021-11-24 10:40:23,CR,0.18,27.64
2021-11-24 10:40:23,CR,0.17,26.62
2021-11-24 10:40:24,CR,0.16,30.33
2021-11-24 10:40:26,MG,0.19,13.77
2021-11-24 10:40:28,MG,0.2,9.27
2021-11-24 10:40:30,MR,0.15,393.78
2021-11-24 10:40:30,US,0.29,147.48
2021-11-24 10:40:36,CT,0.33,350.1
2021-11-24 10:40:39,CR,0.15,25.44
2021-11-24 10:40:42,CT,0.24,310.53
2021-11-24 10:40:43,CR,0.15,26.39
2021-11-24 10:40:45,CR,0.17,27.02
2021-11-24 10:40:45,CT,0.16,641.5
2021-11-24 10:40:50,MR,0.45,218.12
2021-11-24 10:40:50,CT,0.32,293.21
2021-11-24 10:40:51,CR,0.34,12.73
2021-11-24 10:40:51,CT,0.22,168.16
2021-11-24 10:40:51,MG,0.26,10.67
2021-11-24 10:40:51,CT,0.54,385.57
2021-11-24 10:40:52,MR,0.25,283.17
2021-11-24 10:40:54,MG,0.3,6.5
2021-11-24 10:40:54,CT,0.18,507.13
2021-11-24 10:40:57,US,0.35,43.91
2021-11-24 10:40:58,CR,0.16,25.13
2021-11-24 10:40:59,US,0.16,161.26
2021-11-24 10:41:00,CR,0.32,11.17
2021-11-24 10:41:01,US,0.15,154.3
2021-11-24 10:41:07,MR,0.23,305.23
2021-11-24 10:41:08,CR,0.29,12.8
2021-11-24 10:41:10,US,0.15,147.79
2021-11-24 10:41:18,CR,0.27,14.0
2021-11-24 10:41:18,CR,0.3,12.7
2021-11-24 10:41:18,MG,0.22,11.62
2021-11-24 10:41:18,US,0.16,176.39
2021-11-24 10:41:19,CR,0.16,29.36
2021-11-24 10:41:20,CR,0.15,29.18
2021-11-24 10:41:22,CR,0.15,27.51
2021-11-24 10:41:22,CR,0.29,12.93
2021-11-24 10:41:24,CR,0.19,28.1
2021-11-24 10:41:24,MR,0.18,352.33
2021-11-24 10:41:26,US,0.17,171.56
2021-11-24 10:41:32,CR,0.3,14.18
2021-11-24 10:41:36,MR,0.15,465.43
2021-11-24 10:41:40,CT,0.17,741.07
2021-11-24 10:41:43,CT,0.16,461.0
2021-11-24 10:41:47,CR,0.31,12.8
2021-11-24 10:41:47,US,0.18,266.94
2021-11-24 10:41:48,MR,0.11,544.36
2021-11-24 10:41:50,MR,0.38,207.99
2021-11-24 10:41:54,CT,0.14,567.88
2021-11-24 10:41:54,US,0.16,161.0
2021-11-24 10:41:57,CR,0.3,9.36
2021-11-24 10:41:58,MR,0.12,551.53
2021-11-24 10:42:00,CR,0.15,29.84
2021-11-24 10:42:01,CT,0.34,334.75
2021-11-24 10:42:03,CR,0.27,12.68
2021-11-24 10:42:05,CR,0.22,30.41
2021-11-24 10:42:07,CR,0.31,11.34
2021-11-24 10:42:09,CR,0.28,13.26
2021-11-24 10:42:13,CT,0.33,280.23
2021-11-24 10:42:17,US,0.3,150.41
2021-11-24 10:42:24,CT,0.12,508.16
2021-11-24 10:42:25,MG,0.19,12.88
2021-11-24 10:42:30,CR,0.29,11.4
2021-11-24 10:42:34,MR,0.29,173.49
2021-11-24 10:42:41,MR,0.17,424.09
2021-11-24 10:42:42,MG,0.18,12.47
2021-11-24 10:42:42,CR,0.16,25.25
2021-11-24 10:42:42,CR,0.29,8.55
2021-11-24 10:42:43,CT,0.16,544.11
2021-11-24 10:42:43,MR,0.15,237.2
2021-11-24 10:42:44,CR,0.15,26.41
2021-11-24 10:42:47,CR,0.28,12.1
2021-11-24 10:42:47,MG,0.24,9.29
2021-11-24 10:42:48,CT,0.2,602.49
2021-11-24 10:42:48,CT,0.32,446.49
2021-11-24 10:42:52,CR,0.15,29.44
2021-11-24 10:42:57,CT,0.11,602.18
2021-11-24 10:43:00,MG,0.35,5.64
2021-11-24 10:43:11,US,0.16,184.69
2021-11-24 10:43:11,CR,0.15,27.2
2021-11-24 10:43:13,MR,0.15,341.16
2021-11-24 10:43:13,CR,0.17,25.14
2021-11-24 10:43:14,CT,0.18,495.39
2021-11-24 10:43:21,CR,0.17,30.15
2021-11-24 10:43:24,CT,0.16,435.68
2021-11-24 10:43:24,CR,0.29,12.8
2021-11-24 10:43:26,MG,0.18,5.51
2021-11-24 10:43:27,MR,0.21,291.76
2021-11-24 10:43:28,MG,0.19,12.62
2021-11-24 10:43:29,MR,0.22,333.49
2021-11-24 10:43:32,CR,0.15,28.04
2021-11-24 10:43:32,CR,0.16,28.39
2021-11-24 10:43:35,MR,0.14,419.21
2021-11-24 10:43:35,MG,0.25,6.45
2021-11-24 10:43:43,US,0.29,145.75
2021-11-24 10:43:44,CR,0.23,26.23
2021-11-24 10:43:44,MG,0.21,11.68
2021-11-24 10:43:45,MR,0.13,940.15
2021-11-24 10:43:50,CR,0.18,18.26
2021-11-24 10:43:50,MG,0.21,13.93
2021-11-24 10:43:51,US,0.16,167.16
2021-11-24 10:43:51,CR,0.17,25.53
2021-11-24 10:43:53,CT,0.19,673.65
2021-11-24 10:43:54,CR,0.15,26.9
2021-11-24 10:43:54,CR,0.15,24.34
2021-11-24 10:43:55,CR,0.2,27.59
2021-11-24 10:44:06,CR,0.15,29.36
2021-11-24 10:44:07,US,0.16,161.48
2021-11-24 10:44:08,CR,0.16,28.83
2021-11-24 10:44:11,CR,0.28,12.75
2021-11-24 10:44:12,MG,0.17,12.95
2021-11-24 10:44:14,CR,0.15,30.52
2021-11-24 10:44:15,CR,0.15,27.91
2021-11-24 10:44:16,CR,0.28,11.93
2021-11-24 10:44:16,CR,0.15,27.05
2021-11-24 10:44:18,MG,0.25,3.9
2021-11-24 10:44:22,US,0.16,301.0
2021-11-24 10:44:24,CR,0.15,26.43
2021-11-24 10:44:25,CR,0.16,32.08
2021-11-24 10:44:25,CR,0.28,11.57
2021-11-24 10:44:31,CR,0.22,11.11
2021-11-24 10:44:34,CR,0.17,30.38
2021-11-24 10:44:35,CR,0.28,12.98
2021-11-24 10:44:37,CR,0.32,8.91
2021-11-24 10:44:38,CR,0.15,24.76
2021-11-24 10:44:42,MR,0.15,469.99
2021-11-24 10:44:43,CT,0.34,496.96
2021-11-24 10:44:44,CR,0.28,11.31
2021-11-24 10:44:44,MG,0.36,5.18
2021-11-24 10:44:45,CR,0.16,28.73
2021-11-24 10:44:50,US,0.31,106.26
2021-11-24 10:44:50,CR,0.17,17.36
2021-11-24 10:44:51,CT,0.38,296.0
2021-11-24 10:44:52,MG,0.2,12.66
2021-11-24 10:44:56,CR,0.16,24.85
2021-11-24 10:44:58,MG,0.32,5.8
2021-11-24 10:44:59,US,0.18,172.15
2021-11-24 10:45:01,CR,0.22,18.1
2021-11-24 10:45:02,CR,0.16,28.21
2021-11-24 10:45:08,CR,0.21,26.81
2021-11-24 10:45:09,US,0.11,84.28
2021-11-24 10:45:13,US,0.11,69.51
2021-11-24 10:45:14,MG,0.2,18.02
2021-11-24 10:45:14,CR,0.16,27.39
2021-11-24 10:45:15,CT,0.32,291.09
2021-11-24 10:45:16,US,0.31,95.24
2021-11-24 10:45:19,CR,0.16,26.05
2021-11-24 10:45:19,CR,0.32,12.79
2021-11-24 10:45:19,CR,0.16,27.6
2021-11-24 10:45:19,US,0.15,272.02
2021-11-24 10:45:23,US,0.2,262.6
2021-11-24 10:45:28,CR,0.34,11.84
2021-11-24 10:45:28,US,0.18,209.47
2021-11-24 10:45:28,US,0.17,165.18
2021-11-24 10:45:30,CT,0.17,867.49
2021-11-24 10:45:33,CR,0.33,12.54
2021-11-24 10:45:35,CR,0.16,27.83
2021-11-24 10:45:36,US,0.15,294.08
2021-11-24 10:45:39,MR,0.14,322.12
2021-11-24 10:45:40,CT,0.12,185.62
2021-11-24 10:45:41,US,0.17,152.16
2021-11-24 10:45:42,MG,0.21,5.26
2021-11-24 10:45:43,CT,0.48,320.71
2021-11-24 10:45:48,CR,0.15,29.29
2021-11-24 10:45:49,CR,0.19,27.75
2021-11-24 10:45:50,US,0.16,155.13
2021-11-24 10:45:51,CT,0.35,393.12
2021-11-24 10:45:56,MG,0.19,10.99
2021-11-24 10:45:56,MG,0.2,12.03
2021-11-24 10:45:58,CR,0.16,29.9
2021-11-24 10:45:59,CR,0.19,29.41
2021-11-24 10:46:00,CR,0.15,29.52
2021-11-24 10:46:01,CR,0.15,24.63
2021-11-24 10:46:01,CR,0.15,29.31
2021-11-24 10:46:03,MR,0.27,179.68
2021-11-24 10:46:06,CR,0.17,25.8
2021-11-24 10:46:06,CR,0.16,26.38
2021-11-24 10:46:06,US,0.34,88.87
2021-11-24 10:46:07,CR,0.15,27.05
2021-11-24 10:46:10,CR,0.16,25.87
2021-11-24 10:46:10,US,0.15,296.43
2021-11-24 10:46:10,MG,0.32,5.71
2021-11-24 10:46:12,CR,0.2,17.45
2021-11-24 10:46:15,CR,0.2,25.62
2021-11-24 10:46:17,CT,0.18,566.88
2021-11-24 10:46:17,MG,0.19,10.09
2021-11-24 10:46:18,CR,0.23,29.06
2021-11-24 10:46:20,CR,0.17,25.11
2021-11-24 10:46:24,CR,0.27,8.97
2021-11-24 10:46:27,CT,0.2,513.63
2021-11-24 10:46:35,CR,0.16,26.16
2021-11-24 10:46:38,CR,0.28,19.92
2021-11-24 10:46:39,MG,0.56,10.32
2021-11-24 10:46:39,MR,0.58,150.67
2021-11-24 10:46:43,CR,0.16,25.8
2021-11-24 10:46:43,CR,0.21,22.84
2021-11-24 10:46:44,MG,0.23,6.01
2021-11-24 10:46:49,MG,0.33,7.27
2021-11-24 10:46:51,CR,0.15,27.22
2021-11-24 10:46:53,US,0.16,133.29
2021-11-24 10:46:53,MR,0.26,164.56
2021-11-24 10:46:53,CT,0.2,792.14
2021-11-24 10:46:54,US,0.33,79.86
2021-11-24 10:46:57,CR,0.34,12.82
2021-11-24 10:46:59,CT,0.19,624.25
2021-11-24 10:47:00,MR,0.13,404.85
2021-11-24 10:47:00,MR,0.13,347.49
2021-11-24 10:47:03,MG,0.27,6.8
2021-11-24 10:47:04,CR,0.32,11.22
2021-11-24 10:47:07,CT,0.18,857.98
2021-11-24 10:47:08,US,0.34,91.22
2021-11-24 10:47:09,US,0.15,288.0
2021-11-24 10:47:10,US,0.17,179.88
2021-11-24 10:47:12,MR,0.24,488.4
2021-11-24 10:47:15,CR,0.15,25.58
2021-11-24 10:47:16,US,0.3,79.92
2021-11-24 10:47:17,CT,0.22,315.76
2021-11-24 10:47:18,CR,0.15,30.51
2021-11-24 10:47:22,CT,0.16,785.29
2021-11-24 10:47:25,CR,0.16,26.99
2021-11-24 10:47:29,CT,0.37,205.47
2021-11-24 10:47:30,MR,0.36,195.98
2021-11-24 10:47:30,CR,0.15,25.88
2021-11-24 10:47:30,CR,0.16,24.8
2021-11-24 10:47:32,CR,0.43,4.72
2021-11-24 10:47:32,CR,0.48,10.68
2021-11-24 10:47:36,CR,0.16,31.0
2021-11-24 10:47:36,MR,0.14,395.81
2021-11-24 10:47:37,CR,0.49,10.25
2021-11-24 10:47:39,CR,0.2,16.8
2021-11-24 10:47:39,MG,1.57,6.14
2021-11-24 10:47:44,US,0.36,172.47
2021-11-24 10:47:44,MG,0.29,10.81
2021-11-24 10:47:46,CR,0.27,12.63
2021-11-24 10:47:47,MG,0.22,3.7
2021-11-24 10:47:48,CR,0.26,15.39
2021-11-24 10:47:48,MG,0.37,9.98
2021-11-24 10:47:49,CR,0.15,29.07
2021-11-24 10:48:01,CT,0.24,226.43
2021-11-24 10:48:04,US,0.16,268.27
2021-11-24 10:48:07,CT,0.16,713.11
2021-11-24 10:48:07,CT,0.13,581.4
2021-11-24 10:48:07,CR,0.16,27.77
2021-11-24 10:48:10,US,0.32,98.28
2021-11-24 10:48:10,MG,0.49,7.4
2021-11-24 10:48:12,CR,0.16,25.66
2021-11-24 10:48:13,US,0.15,317.76
2021-11-24 10:48:15,MG,0.18,12.81
2021-11-24 10:48:16,CR,0.3,10.07
2021-11-24 10:48:16,MG,0.26,7.19
2021-11-24 10:48:17,MG,0.36,6.36
2021-11-24 10:48:21,CR,0.15,31.24
2021-11-24 10:48:21,CR,0.17,26.9
2021-11-24 10:48:22,CR,0.15,30.85
2021-11-24 10:48:23,MR,0.22,329.36
2021-11-24 10:48:29,US,0.15,185.23
2021-11-24 10:48:34,MG,0.2,10.72
2021-11-24 10:48:37,CR,0.19,29.92
2021-11-24 10:48:38,CR,0.18,11.37
2021-11-24 10:48:39,US,0.15,164.62
2021-11-24 10:48:39,CR,0.15,26.31
2021-11-24 10:48:40,US,0.17,180.98
2021-11-24 10:48:43,MG,0.32,5.99
2021-11-24 10:48:44,MG,0.17,13.15
2021-11-24 10:48:48,CR,0.16,17.94
2021-11-24 10:48:49,MG,0.18,11.63
2021-11-24 10:48:49,CR,0.39,12.21
2021-11-24 10:48:53,MR,0.18,347.64
2021-11-24 10:48:53,CR,0.32,8.43
2021-11-24 10:48:54,CR,0.29,13.42
2021-11-24 10:48:55,CR,0.15,29.69
2021-11-24 10:48:56,CR,0.16,26.91
2021-11-24 10:49:00,CT,0.24,317.51
2021-11-24 10:49:00,MG,0.19,12.66
2021-11-24 10:49:01,MG,0.18,11.74
2021-11-24 10:49:02,US,0.15,272.98
2021-11-24 10:49:04,US,0.16,148.03
2021-11-24 10:49:04,US,0.16,316.19
2021-11-24 10:49:05,CR,0.3,9.48
2021-11-24 10:49:06,CR,0.3,12.69
2021-11-24 10:49:10,CR,0.15,30.25
2021-11-24 10:49:12,CR,0.15,26.43
2021-11-24 10:49:14,CT,0.14,566.11
2021-11-24 10:49:15,CT,0.2,708.15
2021-11-24 10:49:17,US,0.16,154.81
2021-11-24 10:49:20,CT,0.12,549.08
2021-11-24 10:49:22,CT,0.16,679.46
2021-11-24 10:49:27,MG,0.21,14.3
2021-11-24 10:49:33,CT,0.32,303.86
2021-11-24 10:49:34,CR,0.17,21.55
2021-11-24 10:49:35,MG,0.18,12.54
2021-11-24 10:49:36,MG,0.21,13.56
2021-11-24 10:49:40,CR,0.28,12.84
2021-11-24 10:49:41,CR,0.16,28.01
2021-11-24 10:49:45,CR,0.16,30.39
2021-11-24 10:49:46,CR,0.16,27.04
2021-11-24 10:49:46,MR,0.29,203.55
2021-11-24 10:49:57,MG,0.21,12.19
2021-11-24 10:50:02,CT,0.16,514.38
2021-11-24 10:50:03,CR,0.27,12.34
2021-11-24 10:50:03,CR,0.18,16.65
2021-11-24 10:50:03,CR,0.16,26.32
2021-11-24 10:50:04,CR,0.17,24.77
2021-11-24 10:50:07,US,0.17,160.45
2021-11-24 10:50:11,CT,0.39,279.17
2021-11-24 10:50:13,CR,0.35,8.75
2021-11-24 10:50:13,CT,0.16,680.68
2021-11-24 10:50:13,CR,0.15,30.6
2021-11-24 10:50:17,CR,0.15,29.13
2021-11-24 10:50:17,CR,0.17,26.89
2021-11-24 10:50:18,CT,0.16,750.52
2021-11-24 10:50:18,CR,0.17,21.38
2021-11-24 10:50:19,CR,0.29,11.69
2021-11-24 10:50:20,US,0.15,151.23
2021-11-24 10:50:21,US,0.15,256.02
2021-11-24 10:50:24,CR,0.17,25.75
2021-11-24 10:50:25,CT,0.16,471.36
2021-11-24 10:50:29,CR,0.15,28.06
2021-11-24 10:50:30,MR,0.26,128.95
2021-11-24 10:50:31,CR,0.15,29.93
2021-11-24 10:50:34,CR,0.15,26.98
2021-11-24 10:50:34,CR,0.16,23.86
2021-11-24 10:50:36,CR,0.2,20.2
2021-11-24 10:50:38,CT,0.18,636.68
2021-11-24 10:50:38,CT,0.34,157.85
2021-11-24 10:50:38,MG,0.35,11.07
2021-11-24 10:50:39,CR,0.29,11.15
2021-11-24 10:50:42,CT,0.16,396.58
2021-11-24 10:50:55,CR,0.29,12.24
2021-11-24 10:50:56,MG,0.34,10.41
2021-11-24 10:50:56,CT,0.17,535.09
2021-11-24 10:51:00,CR,0.16,29.25
2021-11-24 10:51:02,MR,0.11,555.59
2021-11-24 10:51:04,CT,0.16,328.64
2021-11-24 10:51:04,CR,0.31,11.79
2021-11-24 10:51:05,CR,0.17,28.0
2021-11-24 10:51:06,US,0.16,168.73
2021-11-24 10:51:07,CR,0.16,19.03
2021-11-24 10:51:08,CR,0.32,12.52
2021-11-24 10:51:09,CR,0.15,27.06
2021-11-24 10:51:10,CR,0.26,14.58
2021-11-24 10:51:10,CR,0.15,27.86
2021-11-24 10:51:13,CR,0.3,17.01
2021-11-24 10:51:15,CT,0.24,329.08
2021-11-24 10:51:17,CT,0.14,568.87
2021-11-24 10:51:27,CR,0.28,13.16
2021-11-24 10:51:27,CR,0.19,29.86
2021-11-24 10:51:28,CR,0.16,24.12
2021-11-24 10:51:28,CT,0.17,865.45
2021-11-24 10:51:28,US,0.16,182.35
2021-11-24 10:51:35,MG,0.22,11.67
2021-11-24 10:51:36,CT,0.12,487.78
2021-11-24 10:51:37,US,0.16,147.53
2021-11-24 10:51:40,MR,0.3,261.18
2021-11-24 10:51:41,CR,0.27,14.32
2021-11-24 10:51:41,CR,0.15,30.78
2021-11-24 10:51:41,MR,0.12,481.84
2021-11-24 10:51:41,CR,0.15,27.7
2021-11-24 10:51:41,CT,0.35,308.25
2021-11-24 10:51:41,CT,0.23,252.81
2021-11-24 10:51:42,US,0.33,84.04
2021-11-24 10:51:43,CT,0.25,661.09
2021-11-24 10:51:43,MR,0.14,514.97
2021-11-24 10:51:47,CR,0.31,28.46
2021-11-24 10:51:48,CR,0.15,29.57
2021-11-24 10:51:51,CR,0.16,26.22
2021-11-24 10:51:54,US,0.16,169.99
2021-11-24 10:51:55,US,0.34,90.02
2021-11-24 10:51:56,US,0.29,82.63
2021-11-24 10:51:58,CR,0.15,31.34
2021-11-24 10:51:58,CR,0.15,30.15
2021-11-24 10:51:58,CR,0.3,13.6
2021-11-24 10:52:00,CR,0.15,30.28
2021-11-24 10:52:03,CR,0.15,28.19
2021-11-24 10:52:04,CR,0.39,8.82
2021-11-24 10:52:04,CR,0.15,28.13
2021-11-24 10:52:08,CR,0.31,14.72
2021-11-24 10:52:09,US,0.36,93.41
2021-11-24 10:52:13,MR,0.16,435.19
2021-11-24 10:52:17,MR,0.31,271.64
2021-11-24 10:52:18,CT,0.17,538.49
2021-11-24 10:52:19,CR,0.28,13.73
2021-11-24 10:52:24,US,0.15,273.54
2021-11-24 10:52:24,CR,0.15,30.94
2021-11-24 10:52:25,CR,0.27,14.63
2021-11-24 10:52:27,CT,0.23,590.19
2021-11-24 10:52:28,CR,0.27,3.62
2021-11-24 10:52:29,MG,0.18,11.83
2021-11-24 10:52:30,US,0.17,277.64
2021-11-24 10:52:31,MR,0.23,296.12
2021-11-24 10:52:31,CR,0.2,26.29
2021-11-24 10:52:32,US,0.18,131.88
2021-11-24 10:52:32,MG,0.24,8.46
2021-11-24 10:52:34,US,0.28,188.91
2021-11-24 10:52:34,CR,0.18,25.43
2021-11-24 10:52:34,US,0.18,147.18
2021-11-24 10:52:36,CT,0.22,394.0
2021-11-24 10:52:37,CR,0.18,16.74
2021-11-24 10:52:41,CR,0.15,29.13
2021-11-24 10:52:41,CR,0.15,31.24
2021-11-24 10:52:47,MR,0.14,485.61
2021-11-24 10:52:51,CR,0.25,15.1
2021-11-24 10:52:51,CR,0.16,16.6
2021-11-24 10:52:52,CR,0.16,29.45
2021-11-24 10:52:54,US,0.15,99.64
2021-11-24 10:53:00,US,0.23,295.36
2021-11-24 10:53:00,CR,0.33,10.89
2021-11-24 10:53:03,MG,0.33,11.25
2021-11-24 10:53:05,CT,0.27,527.22
2021-11-24 10:53:05,CR,0.15,29.57
2021-11-24 10:53:05,CR,0.35,9.0
2021-11-24 10:53:11,MR,0.15,401.39
2021-11-24 10:53:11,CR,0.15,27.65
2021-11-24 10:53:13,MG,0.18,12.59
2021-11-24 10:53:17,US,0.33,88.0
2021-11-24 10:53:22,CR,0.16,24.52
2021-11-24 10:53:22,US,0.23,163.1
2021-11-24 10:53:23,CR,0.17,27.69
2021-11-24 10:53:24,CT,0.21,508.92
2021-11-24 10:53:25,CR,0.3,12.1
2021-11-24 10:53:25,CR,0.15,26.7
2021-11-24 10:53:28,CR,0.2,7.11
2021-11-24 10:53:30,CR,1.56,27.13
2021-11-24 10:53:33,CT,0.22,386.56
2021-11-24 10:53:34,CT,0.71,417.37
2021-11-24 10:53:35,CT,0.22,288.68
2021-11-24 10:53:38,MR,1.91,232.93
2021-11-24 10:53:44,CR,0.36,9.62
2021-11-24 10:53:47,US,0.22,257.18
2021-11-24 10:53:48,CT,0.18,656.79
2021-11-24 10:53:49,MG,0.21,13.58
2021-11-24 10:53:50,CT,0.31,433.62
2021-11-24 10:53:52,CR,0.3,12.94
2021-11-24 10:53:54,US,0.18,304.31
2021-11-24 10:53:58,CT,0.19,377.79
2021-11-24 10:53:58,CR,0.29,11.76
2021-11-24 10:53:59,MG,0.25,7.73
2021-11-24 10:54:01,CR,0.18,24.34
2021-11-24 10:54:03,US,0.16,168.82
2021-11-24 10:54:06,CT,0.2,652.81
2021-11-24 10:54:15,MG,0.46,6.13
2021-11-24 10:54:16,CR,0.16,25.36
2021-11-24 10:54:16,US,0.15,173.22
2021-11-24 10:54:16,US,0.15,168.64
2021-11-24 10:54:22,CT,0.16,638.71
2021-11-24 10:54:24,CR,0.21,17.01
2021-11-24 10:54:25,MG,0.32,6.53
2021-11-24 10:54:27,MR,0.12,543.73
2021-11-24 10:54:29,CR,0.17,17.43
2021-11-24 10:54:30,CR,0.15,28.51
2021-11-24 10:54:30,CR,0.27,11.59
2021-11-24 10:54:35,CR,0.16,26.63
2021-11-24 10:54:38,CR,0.15,11.93
2021-11-24 10:54:42,CT,0.32,338.5
2021-11-24 10:54:46,CT,0.33,384.25
2021-11-24 10:54:46,CR,0.15,28.34
2021-11-24 10:54:47,CR,0.16,30.6
2021-11-24 10:54:48,MR,0.14,584.87
2021-11-24 10:54:49,CR,0.15,30.83
2021-11-24 10:54:51,CT,0.16,603.47
2021-11-24 10:54:54,US,0.35,135.82
2021-11-24 10:54:54,CR,0.35,10.97
2021-11-24 10:54:56,CT,0.46,343.67
2021-11-24 10:54:57,CR,0.16,28.31
2021-11-24 10:55:01,US,0.31,137.64
2021-11-24 10:55:02,US,0.31,86.66
2021-11-24 10:55:06,MR,0.18,374.03
2021-11-24 10:55:06,MG,0.41,5.6
2021-11-24 10:55:06,CR,0.15,31.01
2021-11-24 10:55:08,CR,0.32,13.09
2021-11-24 10:55:08,CR,0.15,29.75
2021-11-24 10:55:16,CR,0.15,29.62
2021-11-24 10:55:18,CT,0.32,508.36
2021-11-24 10:55:19,MR,0.14,523.61
2021-11-24 10:55:21,CT,0.16,545.63
2021-11-24 10:55:23,MR,0.15,398.02
2021-11-24 10:55:26,MG,0.19,10.56
2021-11-24 10:55:28,CT,0.33,283.24
2021-11-24 10:55:34,US,0.15,310.59
2021-11-24 10:55:36,CR,0.27,12.98
2021-11-24 10:55:38,CR,0.31,8.86
2021-11-24 10:55:39,MG,0.36,5.65
2021-11-24 10:55:42,CR,0.16,26.82
2021-11-24 10:55:43,CT,0.33,332.54
2021-11-24 10:55:44,US,0.3,135.61
2021-11-24 10:55:48,CT,0.16,688.5
2021-11-24 10:55:48,CR,0.33,12.94
2021-11-24 10:55:49,CT,0.12,327.91
2021-11-24 10:55:53,CR,0.19,27.29
2021-11-24 10:55:54,CR,0.15,29.86
2021-11-24 10:55:54,CR,0.17,18.35
2021-11-24 10:55:54,CT,0.13,401.57
2021-11-24 10:55:55,US,0.15,270.19
2021-11-24 10:55:56,CR,0.17,23.19
2021-11-24 10:55:56,CR,0.18,22.17
2021-11-24 10:55:57,CT,0.17,705.12
2021-11-24 10:55:58,CR,0.21,17.04
2021-11-24 10:55:59,CR,0.16,26.27
2021-11-24 10:56:01,MR,0.31,218.22
2021-11-24 10:56:02,CR,0.31,10.8
2021-11-24 10:56:03,CT,0.14,586.75
2021-11-24 10:56:03,CR,0.15,25.21
2021-11-24 10:56:06,CR,0.14,30.74
2021-11-24 10:56:10,CR,0.17,30.39
2021-11-24 10:56:11,MG,0.19,11.72
2021-11-24 10:56:12,CT,0.18,814.94
2021-11-24 10:56:14,US,0.33,94.74
2021-11-24 10:56:19,CT,0.15,398.76
2021-11-24 10:56:22,MG,0.26,9.11
2021-11-24 10:56:22,US,0.17,153.7
2021-11-24 10:56:23,CT,0.28,309.07
2021-11-24 10:56:24,CR,0.28,10.92
2021-11-24 10:56:28,CR,0.28,13.0
2021-11-24 10:56:30,CR,0.15,28.0
2021-11-24 10:56:31,CT,0.32,267.05
2021-11-24 10:56:32,CR,0.2,28.79
2021-11-24 10:56:32,CR,0.29,15.33
2021-11-24 10:56:36,US,0.16,184.58
2021-11-24 10:56:38,MG,0.17,11.54
2021-11-24 10:56:39,CR,0.15,27.34
2021-11-24 10:56:41,CR,0.33,12.51
2021-11-24 10:56:44,CT,0.2,256.69
2021-11-24 10:56:46,MG,0.2,13.55
2021-11-24 10:56:47,MR,0.14,429.38
2021-11-24 10:56:53,US,0.31,89.88
2021-11-24 10:57:00,CR,0.16,26.73
2021-11-24 10:57:02,CT,0.12,511.2
2021-11-24 10:57:05,CR,0.32,7.1
2021-11-24 10:57:06,CR,0.29,20.93
2021-11-24 10:57:07,CT,0.22,233.37
2021-11-24 10:57:07,CR,0.18,23.53
2021-11-24 10:57:08,MG,0.57,5.1
2021-11-24 10:57:11,CT,0.12,1079.45
2021-11-24 10:57:13,CR,0.31,13.11
2021-11-24 10:57:14,CT,0.27,249.66
2021-11-24 10:57:17,CR,0.15,29.11
2021-11-24 10:57:19,US,0.15,284.02
2021-11-24 10:57:19,CR,0.18,17.67
2021-11-24 10:57:19,US,0.16,244.92
2021-11-24 10:57:21,CR,0.15,23.06
2021-11-24 10:57:22,MG,0.55,5.88
2021-11-24 10:57:22,CR,0.15,27.48
2021-11-24 10:57:23,MR,0.12,436.36
2021-11-24 10:57:25,CT,0.17,419.83
2021-11-24 10:57:27,MG,0.21,11.95
2021-11-24 10:57:27,CR,0.2,12.95
2021-11-24 10:57:30,CT,0.12,433.61
2021-11-24 10:57:30,CR,0.15,28.22
2021-11-24 10:57:37,MG,0.46,7.05
2021-11-24 10:57:37,CT,0.16,431.37
2021-11-24 10:57:41,US,0.18,146.72
2021-11-24 10:57:42,US,0.3,143.9
2021-11-24 10:57:42,MG,0.31,5.7
2021-11-24 10:57:42,CT,0.18,724.53
2021-11-24 10:57:49,CR,0.17,25.45
2021-11-24 10:57:50,CT,0.33,361.6
2021-11-24 10:57:51,CR,0.17,29.02
2021-11-24 10:57:52,CR,0.15,28.9
2021-11-24 10:57:56,CR,0.17,20.91
2021-11-24 10:57:56,US,0.32,83.43
2021-11-24 10:57:58,CT,0.14,414.69
2021-11-24 10:58:00,CR,0.15,31.39
2021-11-24 10:58:04,MG,0.36,10.04
2021-11-24 10:58:04,MG,0.35,5.87
2021-11-24 10:58:05,CR,0.17,27.22
2021-11-24 10:58:12,CR,0.15,26.55
2021-11-24 10:58:19,US,0.15,260.7
2021-11-24 10:58:24,CR,0.16,28.92
2021-11-24 10:58:26,CR,0.28,14.73
2021-11-24 10:58:27,CR,0.26,3.52
2021-11-24 10:58:29,CR,0.14,26.8
2021-11-24 10:58:30,CR,0.27,9.49
2021-11-24 10:58:30,CT,0.18,592.97
2021-11-24 10:58:31,US,0.19,71.72
2021-11-24 10:58:31,CT,0.19,608.5
2021-11-24 10:58:32,US,0.17,243.03
2021-11-24 10:58:38,MG,0.24,11.02
2021-11-24 10:58:42,US,0.15,238.98
2021-11-24 10:58:43,CR,0.16,27.13
2021-11-24 10:58:45,CT,0.18,511.35
2021-11-24 10:58:46,CR,0.32,15.07
2021-11-24 10:58:47,CT,0.17,563.3
2021-11-24 10:58:49,CT,0.16,566.82
2021-11-24 10:58:49,CT,0.2,471.85
2021-11-24 10:58:50,MG,0.15,14.52
2021-11-24 10:58:51,CR,0.15,27.28
2021-11-24 10:58:55,CR,0.16,23.76
2021-11-24 10:58:57,CR,0.15,26.7
2021-11-24 10:58:58,CR,0.15,28.72
2021-11-24 10:58:59,MG,0.18,12.14
2021-11-24 10:58:59,MG,0.19,19.34
2021-11-24 10:59:04,MG,0.22,9.94
2021-11-24 10:59:08,US,0.16,175.96
2021-11-24 10:59:12,CR,0.15,29.8
2021-11-24 10:59:14,CR,0.31,15.31
2021-11-24 10:59:15,CR,0.15,30.03
2021-11-24 10:59:15,MR,0.3,178.75
2021-11-24 10:59:16,CR,0.15,28.18
2021-11-24 10:59:19,CR,0.15,28.46
2021-11-24 10:59:20,CR,0.15,26.66
2021-11-24 10:59:25,CT,0.12,515.41
2021-11-24 10:59:25,CT,0.33,366.18
2021-11-24 10:59:25,CR,0.27,13.39
2021-11-24 10:59:25,CT,0.18,497.7
2021-11-24 10:59:25,CT,0.34,391.39
2021-11-24 10:59:26,CT,0.12,544.62
2021-11-24 10:59:26,MR,0.25,218.5
2021-11-24 10:59:40,MG,0.19,10.74
2021-11-24 10:59:41,US,0.35,147.62
