Date,Modality,ModalityStored,ImagesInStudy,StoreRate,StoreTime,satHost
2021-10-25 16:14:11,dir,CR,2,1.18,1.7,nsat03
2021-10-25 16:16:06,dir,US,58,5.85,9.92,nsat03
2021-10-25 16:16:46,dir,CR,2,0.71,2.83,nsat03
2021-10-25 16:17:56,dir,CR,2,1.85,1.08,nsat03
2021-10-25 16:18:09,dir,CR,2,1.53,1.31,nsat03
2021-10-25 16:18:30,dir,CR,2,0.91,2.2,nsat03
2021-10-25 16:18:42,dir,CR,2,1.59,1.26,nsat03
2021-10-25 16:22:23,dir,CR,2,1.32,1.51,nsat03
2021-10-25 16:22:36,dir,CR,2,1.53,1.31,nsat03
2021-10-25 16:22:48,dir,CR,2,1.68,1.19,nsat03
2021-10-25 16:23:01,dir,CR,2,1.63,1.23,nsat03
2021-10-25 16:23:14,dir,CR,2,1.8,1.11,nsat03
2021-10-25 16:27:52,dir,CR,2,1.48,1.35,nsat03
2021-10-25 16:28:05,dir,CR,2,1.47,1.36,nsat03
2021-10-25 16:28:18,dir,CR,2,1.82,1.1,nsat03
2021-10-25 16:28:38,dir,US,58,7.39,7.85,nsat03
2021-10-25 16:29:01,dir,MR,1043,12.52,83.29,nsat03
2021-10-25 16:31:01,dir,US,58,7.7,7.53,nsat03
2021-10-25 16:31:15,dir,US,35,4.29,8.16,nsat03
2021-10-25 16:31:25,dir,US,15,2.87,5.23,nsat03
2021-10-25 16:31:41,dir,US,28,3.46,8.09,nsat03
2021-10-25 16:31:47,dir,CR,2,1.8,1.11,nsat03
2021-10-25 16:43:39,dir,CR,2,1.45,1.38,nsat03
2021-10-25 16:43:52,dir,CR,2,1.57,1.27,nsat03
2021-10-25 16:45:32,dir,CR,2,1.67,1.2,nsat03
2021-10-25 16:46:12,dir,CR,2,1.67,1.2,nsat03
2021-10-25 16:46:24,dir,CR,2,1.75,1.14,nsat03
2021-10-28 09:17:59,dir,CR,2,0.58,3.44,nsat03
2021-10-28 09:18:10,dir,CR,2,1.71,1.17,nsat03
2021-10-28 09:18:23,dir,CR,2,1.41,1.42,nsat03
2021-10-28 09:18:35,dir,CR,2,1.8,1.11,nsat03
2021-10-28 09:18:49,dir,CR,2,1.63,1.23,nsat03
2021-10-28 09:19:01,dir,CR,2,1.74,1.15,nsat03
2021-10-28 09:19:15,dir,CR,2,1.52,1.32,nsat03
2021-10-28 09:54:13,dir,CR,2,1.45,1.38,nsat03
2021-10-28 09:54:52,dir,CR,2,1.44,1.39,nsat03
2021-10-28 09:55:05,dir,CR,2,1.56,1.28,nsat03
2021-10-28 09:55:17,dir,CR,2,2.0,1.0,nsat03
2021-10-28 09:55:30,dir,CR,2,1.6,1.25,nsat03
2021-10-28 09:55:34,dir,MR,1043,14.96,69.74,nsat03
2021-10-28 10:11:36,dir,CR,2,0.93,2.15,nsat03
2021-10-28 10:12:05,dir,US,58,10.32,5.62,nsat03
2021-10-28 10:12:18,dir,US,35,6.32,5.54,nsat03
2021-10-28 10:12:27,dir,CR,2,1.52,1.32,nsat03
2021-10-28 10:12:40,dir,CR,2,1.63,1.23,nsat03
2021-10-28 10:12:52,dir,CT,1186,18.13,65.42,nsat03
2021-10-28 10:12:52,dir,CR,2,2.06,0.97,nsat03
2021-10-28 10:13:06,dir,CR,2,1.65,1.21,nsat03
2021-10-28 10:13:19,dir,CR,2,1.77,1.13,nsat03
2021-10-28 10:13:34,dir,US,15,4.04,3.71,nsat03
2021-10-28 10:13:44,dir,CR,2,1.9,1.05,nsat03
2021-10-28 10:13:58,dir,CR,2,1.61,1.24,nsat03
2021-10-28 10:14:12,Failed,Failed,Failed,Failed,Failed,nsat03
2021-10-28 10:14:52,Failed,Failed,Failed,Failed,Failed,nsat03
2021-10-28 10:15:17,Failed,Failed,Failed,Failed,Failed,nsat03
2021-10-28 10:15:49,Failed,Failed,Failed,Failed,Failed,nsat03
2021-10-28 10:15:56,Failed,Failed,Failed,Failed,Failed,nsat03
2021-10-28 10:16:04,Failed,Failed,Failed,Failed,Failed,nsat03
2021-10-28 10:16:09,Failed,Failed,Failed,Failed,Failed,nsat03
2021-10-28 10:16:21,Failed,Failed,Failed,Failed,Failed,nsat03
2021-10-28 10:16:34,Failed,Failed,Failed,Failed,Failed,nsat03
2021-10-28 10:16:47,Failed,Failed,Failed,Failed,Failed,nsat03
2021-10-28 10:17:00,Failed,Failed,Failed,Failed,Failed,nsat03
2021-10-28 10:17:27,Failed,Failed,Failed,Failed,Failed,nsat03
2021-10-28 10:17:39,Failed,Failed,Failed,Failed,Failed,nsat03
2021-10-28 10:17:53,Failed,Failed,Failed,Failed,Failed,nsat03
2021-10-28 10:18:05,Failed,Failed,Failed,Failed,Failed,nsat03
2021-10-28 10:18:18,Failed,Failed,Failed,Failed,Failed,nsat03
2021-10-28 10:18:44,Failed,Failed,Failed,Failed,Failed,nsat03
2021-10-28 10:18:50,Failed,Failed,Failed,Failed,Failed,nsat03
2021-10-28 10:18:57,Failed,Failed,Failed,Failed,Failed,nsat03
2021-10-28 10:19:10,Failed,Failed,Failed,Failed,Failed,nsat03
2021-10-28 10:19:23,Failed,Failed,Failed,Failed,Failed,nsat03
2021-10-28 10:19:36,Failed,Failed,Failed,Failed,Failed,nsat03
2021-10-28 10:20:02,Failed,Failed,Failed,Failed,Failed,nsat03
2021-10-28 10:20:15,Failed,Failed,Failed,Failed,Failed,nsat03
2021-10-28 10:20:23,Failed,Failed,Failed,Failed,Failed,nsat03
2021-10-28 10:20:55,Failed,Failed,Failed,Failed,Failed,nsat03
